,Unnamed: 0.1,Unnamed: 0,id,author_id,like_count,quote_count,reply_count,retweet_count,referenced_tweet_id,referenced_tweet_type,text
0,0,0,571802410735124480,87109754,0,0,0,22,5.685019729885348e+17,retweeted,"RT @thebuzzworthyco: Massive #drought predicted by scientists may make the US #southwest look like #MadMaxFuryRoad 
http://t.co/g5vSUMbZAy ‚Ä¶"
1,1,1,571703957958991872,2952626036,0,0,0,1,5.691953195707351e+17,retweeted,RT @JalalNoir: New #MadMaxFuryRoad' #Trailer Blows Up Everything in Sight @Jamal_Anwahi @ec956eb223a540b  https://t.co/0eNBmM6SwC
2,2,2,571624665405247489,2829413486,1,0,0,0,,,"Get #MadMaxFuryRoad #LeatherJacket with #FreeShippingWorldwide
Click Here http://t.co/3EP8OKfKiG
#MensFashion #biker http://t.co/0pJutWxnxQ"
3,3,3,571492748911628288,47095550,0,0,0,0,,,Tom Hardy is...holy fuck I need to see #MadMaxFuryRoad
4,4,4,571441670912405504,219849271,0,0,0,0,,,@wbpictures Can't wait to see the new #MadMaxFuryRoad #movie I wish #TinaTurner would have reprised her role! She should have won an #Oscar
5,5,5,571402824875012097,189432342,1,0,0,0,,,Video news: MAD MAX Collector‚Äôs Edition details http://t.co/huG9G0aUsN #madmax #madmaxfuryroad http://t.co/CkwsNsfZ5B
6,6,6,571401160063619072,167777588,0,0,0,0,,,"I don't think I'll watch #MadMaxFuryRoad tho. 
I can't forget the amazing Mel Gibson!!! &lt;3"
7,7,7,571388183771893761,1345535816,0,0,0,0,,,"""@DogbluffGirl: #MadMaxFuryRoad   Nic and Riley. http://t.co/Riqhe1MiAk"""
8,8,8,571374469597569024,1362616356,0,0,0,1,5.7137422645794816e+17,retweeted,RT @DogbluffGirl: #MadMaxFuryRoad   Nic and Riley. http://t.co/LoakvOnomT
9,9,9,571374226457948161,766877288,2,0,0,1,,,#MadMaxFuryRoad   Nic and Riley. http://t.co/LoakvOnomT
10,10,10,571291686330077184,1008925843,0,0,0,0,,,Rictus And Nux ‚Äì Mad Max Fury Road 2015 Images http://t.co/eraYnpQBhU #misc #2015 #madmaxfuryroad #nux #rictus
11,11,11,570834643924226048,2786342412,0,0,0,1,5.707262497583677e+17,retweeted,"RT @KiwiNinjaJake: Jacob discussing his upcoming work in #MadMaxFuryRoad, #Legend, and #TheRevenant. http://t.co/XZ8MGxIhZg #jakethekiwinin‚Ä¶"
12,12,12,570757444588015617,191575783,0,0,0,0,,,16MAY2015 The @NBombshells will occupy the Road to Prom #occupytheapocalypse #Apocaprom  #madmaxfuryroad  https://t.co/80FRUe5zjY
13,13,13,570737174485671936,2283649280,0,0,0,0,,,need a new #madmaxfuryroad trailer with more Max! it makes me so mad!
14,14,14,570726249758367748,3011277111,2,0,0,1,,,"Jacob discussing his upcoming work in #MadMaxFuryRoad, #Legend, and #TheRevenant. http://t.co/XZ8MGxIhZg #jakethekiwininja #jacobtomuri"
15,15,15,570562688302092289,2956272783,0,0,0,0,,,"This looks insanely fun ...
#MadMaxFuryRoad

https://t.co/42DxCyvAHQ"
16,16,16,570448457778900992,48028302,0,0,0,208,5.427971245307536e+17,retweeted,RT @CharlizeAfrica: Are you ready for this?? The new #MadMaxFuryRoad trailer is here! http://t.co/x08W9jl10Z @MadMaxMovie is coming...soon ‚Ä¶
17,17,17,570389390960099328,233694975,0,0,0,0,,,Soo ready for #MadMaxFuryRoad
18,18,18,570282659848585216,257489716,0,0,0,0,,,"Mad max!!! Is back!! #MadMaxFuryRoad 

https://t.co/mtoej7rWnY"
19,19,19,570260967591940096,20535190,0,0,1,0,,,"Thanks for picking #MadMaxFuryRoad @rwmonty. Now, I don't feel forced to select it later. #FantasyMovieDraft"
20,20,20,570229091644805120,562930191,0,0,0,0,,,#MadMaxFuryRoad: trailer del film con #TomHardy #ILoveCinefilos  http://t.co/LOzsVCP9JU
21,21,21,570229087614033921,251047297,1,0,0,1,,,#MadMaxFuryRoad: trailer del film con #TomHardy #ILoveCinefilos  http://t.co/ZQldEwGbsJ
22,22,22,570195277358993408,417169641,0,0,0,0,,,"Mad Max: Fury Road - Il trailer ufficiale http://t.co/8V8IBnpvIG
#MadMaxFuryRoad http://t.co/HXJ08Ejd6W"
23,23,23,569988401392459777,139359241,0,0,0,8,5.698819714861056e+17,retweeted,RT @ImWithGeek: #ICYMI: Have you seen the new international trailer for #MadMaxFuryRoad? Check it out now. http://t.co/4LayWOeT7H http://t.‚Ä¶
24,24,24,569975230959120385,784957958,0,0,0,8,5.698819714861056e+17,retweeted,RT @ImWithGeek: #ICYMI: Have you seen the new international trailer for #MadMaxFuryRoad? Check it out now. http://t.co/4LayWOeT7H http://t.‚Ä¶
25,25,25,569972066503536640,2813062554,0,0,0,8,5.698819714861056e+17,retweeted,RT @ImWithGeek: #ICYMI: Have you seen the new international trailer for #MadMaxFuryRoad? Check it out now. http://t.co/4LayWOeT7H http://t.‚Ä¶
26,26,26,569899176672276480,2987958172,0,0,0,8,5.698819714861056e+17,retweeted,RT @ImWithGeek: #ICYMI: Have you seen the new international trailer for #MadMaxFuryRoad? Check it out now. http://t.co/4LayWOeT7H http://t.‚Ä¶
27,27,27,569899176550633472,2236100408,0,0,0,8,5.698819714861056e+17,retweeted,RT @ImWithGeek: #ICYMI: Have you seen the new international trailer for #MadMaxFuryRoad? Check it out now. http://t.co/4LayWOeT7H http://t.‚Ä¶
28,28,28,569899176408051712,17363829,0,0,0,8,5.698819714861056e+17,retweeted,RT @ImWithGeek: #ICYMI: Have you seen the new international trailer for #MadMaxFuryRoad? Check it out now. http://t.co/4LayWOeT7H http://t.‚Ä¶
29,29,29,569899176307363840,1600545667,0,0,0,8,5.698819714861056e+17,retweeted,RT @ImWithGeek: #ICYMI: Have you seen the new international trailer for #MadMaxFuryRoad? Check it out now. http://t.co/4LayWOeT7H http://t.‚Ä¶
30,30,30,569882463641714688,794349973,0,0,0,1,5.684553798578995e+17,retweeted,"RT @ActuCine: MAD MAX FURY ROAD
Nouvelle bande-annonce hallucinante !

#MadMaxFuryRoad #MadMax4  http://t.co/MvnAn7AFss http://t.co/VQiDk6G‚Ä¶"
31,31,31,569881971486105602,1153801518,2,0,0,8,,,#ICYMI: Have you seen the new international trailer for #MadMaxFuryRoad? Check it out now. http://t.co/4LayWOeT7H http://t.co/oBLB91tAiu
32,32,32,569868639689703424,439551509,0,0,0,22,5.685019729885348e+17,retweeted,"RT @thebuzzworthyco: Massive #drought predicted by scientists may make the US #southwest look like #MadMaxFuryRoad 
http://t.co/g5vSUMbZAy ‚Ä¶"
33,33,33,569759405224251392,2466398157,0,0,0,208,5.427971245307536e+17,retweeted,RT @CharlizeAfrica: Are you ready for this?? The new #MadMaxFuryRoad trailer is here! http://t.co/x08W9jl10Z @MadMaxMovie is coming...soon ‚Ä¶
34,34,34,569719483364823040,1325479273,0,0,0,1,5.697194515260129e+17,retweeted,RT @PRIME_reviews_: @screenjunkies Where's the #MadMaxFuryRoad outfit?!?
35,35,35,569719451526012928,480259239,1,0,0,1,5.697133027518423e+17,replied_to,@screenjunkies Where's the #MadMaxFuryRoad outfit?!?
36,36,36,569688495431634945,460559540,0,0,0,0,,,Stupid Mercedes commercial. I thought it was a new trailer for #MadMaxFuryRoad.
37,37,37,569650818342912000,2716006757,0,0,0,0,,,#Madmax #MadMaxFuryRoad my how much older are we getting... http://t.co/4EVJ6n4ZXg
38,38,38,569607999196672002,426474450,0,0,0,0,,,"Yay. üòÜ üòà #awesome 

#MadMaxFuryRoad Official #movietrailer 

http://t.co/Wgw2off2Cf"
39,39,39,569494949214814208,3030070537,0,0,0,0,,,"Came this close to Mad Max...
http://t.co/j5A1D21rZs #madmax @apocfilms @MadMaxMovie #madmaxfuryroad http://t.co/9VqXOvGSky"
40,40,40,569463384531451904,3013022193,1,0,0,0,,,"Mad Max: Fury Road | Official Trailer in HD, watch here: http://t.co/JVbTjVLlIs #Trailer #Movie #MadMaxFuryRoad #HD http://t.co/AXSsxo8JDJ"
41,41,41,569432872089595904,830403702,0,0,0,0,,,@velow1 best part of driving a truck. ..telling the clerk you have the diezul fuel on pump 15. #madmaxfuryroad
42,42,42,569329478591242240,52709052,0,0,1,0,,,"#madmaxfuryroad rated #pg13, #my world is fire and blood"". #georgemiller I know that 100m$.. but wtf? http://t.co/vXyh95WnON"
43,43,43,569311998539747328,18734401,0,0,0,0,,,"#MadMaxFuryRoad. I can haz now, please? #IWIllSellMySoul #WhatsLeftOfItAnyway"
44,44,44,569195319570735104,1343152922,0,0,0,1,,,New #MadMaxFuryRoad' #Trailer Blows Up Everything in Sight @Jamal_Anwahi @ec956eb223a540b  https://t.co/0eNBmM6SwC
45,45,45,569179764939837440,176356351,0,0,0,0,,,Happy birthday @HoshJelman from Indonesia. Stay blessed &amp; hv a great Sunday. cant wait to see you in #MadMaxFuryRoad. #borntoday #JoshHelman
46,46,46,569130710591778816,1008925843,0,0,0,0,,,Mad Max Fury Road Logo Images http://t.co/9lQRMsrJzt #hollywoodmovies #logo #madmaxfuryroad
47,47,47,569122126822834176,46356517,2,0,0,0,,,#MadMaxFuryRoad new international trailer: http://t.co/fInszqUCF3 via @YouTube #TomHardy #CharlizeTheron
48,48,48,569069288830722048,2881562272,0,0,1,0,,,"It looks like Tom Hardy is destined to have a metal mask on for his entire career.

https://t.co/shQSq2MA8M

#madmaxfuryroad"
49,49,49,568965832379920384,7160402,0,0,0,0,,,I am counting down to #MadMaxFuryRoad using Movie Hype for iPhone. (w/ 1283 others) @flickdirect http://t.co/9nbhk1mwah
50,50,50,568937780509741057,3023142120,0,0,0,0,,,Here‚Äôs A New I ... http://t.co/lS3d0Gj1ev #CharlizeTheron #FilmNews #FilmTrailers #GeorgeMiller #MadMaxFuryRoad #NicholasHoult
51,51,51,568852901013159936,284702964,0,0,0,6,5.687236981208392e+17,retweeted,"RT @hmvtweets: Check out the stunning new trailer for #MadMaxFuryRoad, starring #TomHardy &amp; #CharlizeTheron:
https://t.co/fdTLDL03uE"
52,52,52,568851490586165248,2541988094,0,0,0,0,,,Guys check the new #MadMaxFuryRoad Trailer Time! https://t.co/crRxq48RfZ #MadMax http://t.co/Q4sTyj7GCs
53,53,53,568839132484472832,23488931,0,0,0,0,,,ICYMI: A New International Trailer For #MadMaxFuryRoad Has Been Unleashed http://t.co/1r9g8pw09O http://t.co/3sCqfrICvf
54,54,54,568835321263198209,1334261516,0,0,0,6,5.687236981208392e+17,retweeted,"RT @hmvtweets: Check out the stunning new trailer for #MadMaxFuryRoad, starring #TomHardy &amp; #CharlizeTheron:
https://t.co/fdTLDL03uE"
55,55,55,568832050540756992,1735847318,0,0,1,0,,,I saw this tire accessory last night &amp; it reminded me of an old Mel Gibson movie being re-released #MadMaxFuryRoad http://t.co/ACl4yUyaXS
56,56,56,568819152149819392,23172594,0,0,0,7,5.6866641414116966e+17,retweeted,"RT @TheMarySue: Here‚Äôs a new trailer for #MadMaxFuryRoad starring Charlize Theron, Tom Hardy, Nicholas Hoult, &amp; Zo√´ Kravitz: http://t.co/Tl‚Ä¶"
57,57,57,568780950903136256,556954195,0,0,0,0,,,#MadMaxFuryRoad 1st International #Trailer Stars @CharlizeAfrica  'Even crazier than the last one' out May15 http://t.co/EiLI0t9R1m #film
58,58,58,568777413976588288,1670243713,4,0,0,0,,,"Lol so hard at ppl saying Mel Gibson should be in the new #MadMaxFuryRoad bc he ""needs a hit""

I mean, he indeed could use a hit. üëä"
59,59,59,568775307207020544,218215210,1,0,0,0,5.687743318803538e+17,replied_to,It also explains why this #MadMaxFuryRoad trailer works so freakin' well: http://t.co/GXNtGPb70C
60,60,60,568768804467175424,3038511801,0,0,0,0,,,Loving the #MadMaxFuryRoad trailer - so pumped for this release. MM is one of my all time faves (after Alien). https://t.co/7T2R0d7qcO
61,61,61,568768319609704448,89691970,0,0,0,0,,,Check out the crazy The Mad Max: Fury Road International trailer here: http://t.co/OiM5Bt54SS #MadMax #MadMaxFuryRoad
62,62,62,568757840132898816,1505924756,0,0,0,6,5.687236981208392e+17,retweeted,"RT @hmvtweets: Check out the stunning new trailer for #MadMaxFuryRoad, starring #TomHardy &amp; #CharlizeTheron:
https://t.co/fdTLDL03uE"
63,63,63,568733671353659392,2208949098,0,0,0,2,5.687318503294648e+17,retweeted,RT @filmjunkies_de: Mad Max: Fury Road im neuen Trailer #MadMaxFuryRoad #TomHardy http://t.co/mpp0h6JwZ4 http://t.co/OuSBmihFp2
64,64,64,568732269160103936,597632464,0,0,0,6,5.687236981208392e+17,retweeted,"RT @hmvtweets: Check out the stunning new trailer for #MadMaxFuryRoad, starring #TomHardy &amp; #CharlizeTheron:
https://t.co/fdTLDL03uE"
65,65,65,568731850329464832,163885579,2,0,0,2,,,Mad Max: Fury Road im neuen Trailer #MadMaxFuryRoad #TomHardy http://t.co/mpp0h6JwZ4 http://t.co/OuSBmihFp2
66,66,66,568723698120839168,17284200,1,0,0,6,,,"Check out the stunning new trailer for #MadMaxFuryRoad, starring #TomHardy &amp; #CharlizeTheron:
https://t.co/fdTLDL03uE"
67,67,67,568708828138770433,277033728,0,0,0,0,,,Mad Max Fury Road Japanese Trailer is the Greatest Thing You`ll See Today  #MadMaxFuryRoad #MadMax http://t.co/f2jxIqWohV
68,68,68,568707192678952961,398700449,0,0,0,7,5.6866641414116966e+17,retweeted,"RT @TheMarySue: Here‚Äôs a new trailer for #MadMaxFuryRoad starring Charlize Theron, Tom Hardy, Nicholas Hoult, &amp; Zo√´ Kravitz: http://t.co/Tl‚Ä¶"
69,69,69,568700769249185793,23135694,0,0,0,0,,,Distinct lack of Kwack Z900's and Z1's in the new trailer. #MadMaxFuryRoad
70,70,70,568697154321174528,204774122,0,0,2,0,,,I *really* want this to be good. I'm not sure it's going to be... https://t.co/412FUhaHVB @MadMaxMovie #MadMaxFuryRoad
71,71,71,568696865308483584,280087716,0,0,0,1,5.6869551342557184e+17,retweeted,RT @lastwordonearth: Got more Fury Road if you want it @ http://t.co/32FSpBCKMo #MadMaxFuryRoad http://t.co/qiMSlJXrI1
72,72,72,568695513425571840,1126643768,0,0,0,1,,,Got more Fury Road if you want it @ http://t.co/32FSpBCKMo #MadMaxFuryRoad http://t.co/qiMSlJXrI1
73,73,73,568692056450867200,27875724,0,0,0,1,5.686891699140731e+17,retweeted,RT @TrollusMaximus: The Mad Max magnificence continues with this trailer for the Japanese market. https://t.co/iIgzq9xm8G #MadMaxFuryRoad
74,74,74,568689169914073088,81073996,1,0,0,1,,,The Mad Max magnificence continues with this trailer for the Japanese market. https://t.co/iIgzq9xm8G #MadMaxFuryRoad
75,75,75,568680464065699840,106904750,0,0,0,7,5.6866641414116966e+17,retweeted,"RT @TheMarySue: Here‚Äôs a new trailer for #MadMaxFuryRoad starring Charlize Theron, Tom Hardy, Nicholas Hoult, &amp; Zo√´ Kravitz: http://t.co/Tl‚Ä¶"
76,76,76,568669252560924672,293904230,0,0,0,7,5.6866641414116966e+17,retweeted,"RT @TheMarySue: Here‚Äôs a new trailer for #MadMaxFuryRoad starring Charlize Theron, Tom Hardy, Nicholas Hoult, &amp; Zo√´ Kravitz: http://t.co/Tl‚Ä¶"
77,77,77,568667112979320832,37322796,0,0,0,7,5.6866641414116966e+17,retweeted,"RT @TheMarySue: Here‚Äôs a new trailer for #MadMaxFuryRoad starring Charlize Theron, Tom Hardy, Nicholas Hoult, &amp; Zo√´ Kravitz: http://t.co/Tl‚Ä¶"
78,78,78,568666414141169665,225096034,11,0,0,7,,,"Here‚Äôs a new trailer for #MadMaxFuryRoad starring Charlize Theron, Tom Hardy, Nicholas Hoult, &amp; Zo√´ Kravitz: http://t.co/TlHRCI8ufC"
79,79,79,568661000393609216,1443723240,1,0,0,0,5.686390962407588e+17,replied_to,@HIDEO_KOJIMA_EN He a big guy Kojima.  #MadMaxFuryRoad http://t.co/lrqsMq4vSv
80,80,80,568636808717869056,621210778,0,0,0,0,,,"I'm sorry, but I'm really looking forward to #MadMaxFuryRoad - This trailer from Japan is awesome! http://t.co/bWV6EBKgS3"
81,81,81,568625985303654401,370324700,0,0,0,0,,,Anothr insane trailr 4 Mad Max Fury rd hits YouTube #CharlizeTheronOh #MadMaxFuryRoad #MaxRockatansky #TomHardy http://t.co/IpXehehfh3
82,82,82,568615100036177920,17354022,0,0,0,0,,,Tom Hardy will be my choice for Mel Gibson replecement? hmm... we'll see http://t.co/VBAD8lKr3e #MadMaxFuryRoad #Trailer #film
83,83,83,568594830051258368,138832318,0,0,0,12,5.685795727377736e+17,retweeted,RT @CBR: WATCH: #MadMaxFuryRoad Rages on with New International Trailer http://t.co/KhEFAvDQtm http://t.co/0506QtVGu8
84,84,84,568593765717417984,16172008,0,0,0,0,,,Watched the international trailer for #MadMaxFuryRoad. Nothing really new in it but it's still in my top 5 must see movies of the summer.
85,85,85,568593334668824576,495983868,0,0,0,0,,,We've also got a new trailer for #MadMaxFuryRoad and an image from #TheLastWitchHunter #Vindiesel
86,86,86,568587331248087040,558335707,1,0,0,0,,,The one the only Kenneth Hart from @thirstyswagman rolls into US/LA late spring. Looks like we'll go see #MadMaxFuryRoad. Everyone welcome.
87,87,87,568586334727598080,722089902,0,0,0,12,5.685795727377736e+17,retweeted,RT @CBR: WATCH: #MadMaxFuryRoad Rages on with New International Trailer http://t.co/KhEFAvDQtm http://t.co/0506QtVGu8
88,88,88,568585684098928640,46101147,0,0,0,12,5.685795727377736e+17,retweeted,RT @CBR: WATCH: #MadMaxFuryRoad Rages on with New International Trailer http://t.co/KhEFAvDQtm http://t.co/0506QtVGu8
89,89,89,568583141398429697,350573682,1,0,2,1,,,Any toy fans know who is making the Mad Max line? Anybody know? I wanna see some Fury Road stuff. #toys #MadMaxFuryRoad #madmax
90,90,90,568581690064392193,49344183,0,0,0,12,5.685795727377736e+17,retweeted,RT @CBR: WATCH: #MadMaxFuryRoad Rages on with New International Trailer http://t.co/KhEFAvDQtm http://t.co/0506QtVGu8
91,91,91,568580888209915905,587633940,0,0,0,12,5.685795727377736e+17,retweeted,RT @CBR: WATCH: #MadMaxFuryRoad Rages on with New International Trailer http://t.co/KhEFAvDQtm http://t.co/0506QtVGu8
92,92,92,568580314076979201,602800020,0,0,0,12,5.685795727377736e+17,retweeted,RT @CBR: WATCH: #MadMaxFuryRoad Rages on with New International Trailer http://t.co/KhEFAvDQtm http://t.co/0506QtVGu8
93,93,93,568580258976407552,397755886,0,0,0,12,5.685795727377736e+17,retweeted,RT @CBR: WATCH: #MadMaxFuryRoad Rages on with New International Trailer http://t.co/KhEFAvDQtm http://t.co/0506QtVGu8
94,94,94,568580257277554688,54449164,0,0,0,12,5.685795727377736e+17,retweeted,RT @CBR: WATCH: #MadMaxFuryRoad Rages on with New International Trailer http://t.co/KhEFAvDQtm http://t.co/0506QtVGu8
95,95,95,568580194518216704,167430750,0,0,0,12,5.685795727377736e+17,retweeted,RT @CBR: WATCH: #MadMaxFuryRoad Rages on with New International Trailer http://t.co/KhEFAvDQtm http://t.co/0506QtVGu8
96,96,96,568579863126417408,20532984,0,0,0,12,5.685795727377736e+17,retweeted,RT @CBR: WATCH: #MadMaxFuryRoad Rages on with New International Trailer http://t.co/KhEFAvDQtm http://t.co/0506QtVGu8
97,97,97,568579849503182848,2185171932,0,0,0,12,5.685795727377736e+17,retweeted,RT @CBR: WATCH: #MadMaxFuryRoad Rages on with New International Trailer http://t.co/KhEFAvDQtm http://t.co/0506QtVGu8
98,98,98,568579603046014977,126734333,0,0,0,12,5.685795727377736e+17,retweeted,RT @CBR: WATCH: #MadMaxFuryRoad Rages on with New International Trailer http://t.co/KhEFAvDQtm http://t.co/0506QtVGu8
99,99,99,568579572737773569,16031897,18,0,0,12,,,WATCH: #MadMaxFuryRoad Rages on with New International Trailer http://t.co/KhEFAvDQtm http://t.co/0506QtVGu8
100,100,100,568551296195653632,34344844,0,0,0,0,,,Sheeeiiiiiitttt.... that #MadMaxFuryRoad looks insanely good!
101,101,101,568545309976096769,54659712,0,0,0,0,,,Seriously cant wait for #MadMaxFuryRoad #epic
102,102,102,568537454048751616,2177580903,0,0,0,2,5.685315096252703e+17,retweeted,RT @brokehorrorfan: Watch the action-packed #MadMaxFuryRoad international trailer: http://t.co/nKBVmBANdn http://t.co/P1MwNfHPao
103,103,103,568533688675274753,23488931,0,0,1,0,,,A New International Trailer For #MadMaxFuryRoad Has Been Unleashed http://t.co/1r9g8pw09O http://t.co/MfWuDgY3vn
104,104,104,568532579088879616,159192242,0,0,1,0,,,I'm worried that the #MadMaxFuryRoad trailers are all TOO good.
105,105,105,568531674515898368,18224592,0,0,0,2,5.685315096252703e+17,retweeted,RT @brokehorrorfan: Watch the action-packed #MadMaxFuryRoad international trailer: http://t.co/nKBVmBANdn http://t.co/P1MwNfHPao
106,106,106,568531509625270272,20096001,3,0,1,2,,,Watch the action-packed #MadMaxFuryRoad international trailer: http://t.co/nKBVmBANdn http://t.co/P1MwNfHPao
107,107,107,568530596286214145,72610334,0,0,0,0,,,"The international trailer for #MadMaxFuryRoad has more footage, so it's even more super crazy awesomeness:
http://t.co/KpkKHiADAq"
108,108,108,568530592993710080,538866042,1,0,0,0,,,"The international trailer for #MadMaxFuryRoad has more footage, so it's even more super crazy awesomeness:
http://t.co/an3oBaj5Vb"
109,109,109,568527895309778944,239180734,0,0,0,0,,,What a lovely day #MadMaxFuryRoad
110,110,110,568522537614708736,370324700,0,0,0,0,,,The new trailer for ... #CharlizeTheronOh #MadMaxFuryRoad #MaxRockatansky #NewInternationalTrailer #TomHardy http://t.co/PAXr28rIrO
111,111,111,568521914223693828,18326474,0,0,0,16,5.6848020949569946e+17,retweeted,RT @TheMarySue: The Japanese Trailer For Mad Max: Fury Road Maintains the Epicness http://t.co/TlHRCI8ufC #MadMaxFuryRoad http://t.co/wH1gW‚Ä¶
112,112,112,568519466050404352,370324700,0,0,0,0,,,The new trailr 4 Mad Max Fury rd is even crazier than the last 1 #CharlizeTheronOh #MadMaxFuryRoad #MaxRockatansky http://t.co/MzeCwGKXYu
113,113,113,568519061023256578,257564368,0,0,0,0,,,"#MoviesTV #MadMaxFuryRoad The new trailer for Mad Max: Fury Road is even crazier than the last one: The new,‚Ä¶ http://t.co/bNbdSMNHoJ"
114,114,114,568512250266271744,154545301,0,0,0,5,5.68507832083071e+17,retweeted,RT @JillPantozzi: The Japanese Trailer For Mad Max: Fury Road Maintains the Epicness http://t.co/X4WiKNlxUJ #MadMaxFuryRoad http://t.co/cRK‚Ä¶
115,115,115,568510803017486336,18224592,0,0,0,0,,,#MadMaxFuryRoad OMG !!! I live for these type of movies..so great !!!!
116,116,116,568509979625328640,18224592,0,0,0,2,5.685089662899978e+17,retweeted,RT @Geek_Guardians: .#MadMaxFuryRoad Love this trailer! https://t.co/QRz1rNLLcL
117,117,117,568509960142737408,17298365,0,0,0,0,,,Watch the epic Japanese trailer for #MadMaxFuryRoad http://t.co/N3vpeFXBpW @LegionofLeia
118,118,118,568509493052620800,803025072,0,0,0,2,5.685089662899978e+17,retweeted,RT @Geek_Guardians: .#MadMaxFuryRoad Love this trailer! https://t.co/QRz1rNLLcL
119,119,119,568509104840314881,170355702,0,0,0,5,5.68507832083071e+17,retweeted,RT @JillPantozzi: The Japanese Trailer For Mad Max: Fury Road Maintains the Epicness http://t.co/X4WiKNlxUJ #MadMaxFuryRoad http://t.co/cRK‚Ä¶
120,120,120,568508966289997824,2886685353,3,0,0,2,,,.#MadMaxFuryRoad Love this trailer! https://t.co/QRz1rNLLcL
121,121,121,568508943615565826,132178106,0,0,0,5,5.68507832083071e+17,retweeted,RT @JillPantozzi: The Japanese Trailer For Mad Max: Fury Road Maintains the Epicness http://t.co/X4WiKNlxUJ #MadMaxFuryRoad http://t.co/cRK‚Ä¶
122,122,122,568508545097838592,16182758,0,0,0,5,5.68507832083071e+17,retweeted,RT @JillPantozzi: The Japanese Trailer For Mad Max: Fury Road Maintains the Epicness http://t.co/X4WiKNlxUJ #MadMaxFuryRoad http://t.co/cRK‚Ä¶
123,123,123,568508192390565888,2410041338,0,0,0,22,5.685019729885348e+17,retweeted,"RT @thebuzzworthyco: Massive #drought predicted by scientists may make the US #southwest look like #MadMaxFuryRoad 
http://t.co/g5vSUMbZAy ‚Ä¶"
124,124,124,568507848579112960,2895549621,0,0,0,22,5.685019729885348e+17,retweeted,"RT @thebuzzworthyco: Massive #drought predicted by scientists may make the US #southwest look like #MadMaxFuryRoad 
http://t.co/g5vSUMbZAy ‚Ä¶"
125,125,125,568507832083070976,16894839,5,0,0,5,,,The Japanese Trailer For Mad Max: Fury Road Maintains the Epicness http://t.co/X4WiKNlxUJ #MadMaxFuryRoad http://t.co/cRKFeEi2Kr
126,126,126,568506420225708033,15425825,0,0,0,0,,,Mad Max: Fury Road Gets International in New Trailer http://t.co/3ypkN3ZvAo by @Ray_Porreca #madmaxfuryroad
127,127,127,568504183336407040,369125365,0,0,0,2,5.685018258061885e+17,retweeted,"RT @spartantown: #MadMaxFuryRoad International Trailer is Beautifully Nuts
 http://t.co/SVW89xEFFs via @sharethis http://t.co/QygLgZNsBM"
128,128,128,568502016877707265,54449164,0,0,0,2,5.685018258061885e+17,retweeted,"RT @spartantown: #MadMaxFuryRoad International Trailer is Beautifully Nuts
 http://t.co/SVW89xEFFs via @sharethis http://t.co/QygLgZNsBM"
129,129,129,568501972988534784,1613447581,5,0,2,22,,,"Massive #drought predicted by scientists may make the US #southwest look like #MadMaxFuryRoad 
http://t.co/g5vSUMbZAy http://t.co/qUZ5Jg4Ubd"
130,130,130,568501825806188544,106986036,0,0,0,2,,,"#MadMaxFuryRoad International Trailer is Beautifully Nuts
 http://t.co/SVW89xEFFs via @sharethis http://t.co/QygLgZNsBM"
131,131,131,568499926310789120,1155712248,0,0,0,0,,,#MadMaxFuryRoad  2 @CinemaxLA  80's forever
132,132,132,568499347165487104,477596779,0,0,0,0,,,Watch A New Action-Packed International Trailer For #MadMaxFuryRoad http://t.co/S9Vx72GVqK http://t.co/yU3qZzJcQe
133,133,133,568494376860688384,109834535,0,0,0,1,5.684634800277791e+17,retweeted,RT @IHeardThatMovie: Check out the international trailer for #MadMaxFuryRoad http://t.co/bvSwwn4F3G http://t.co/AQVv1KPp09
134,134,134,568491549748801536,3023082587,0,0,0,0,,,I think I would just assimilate quickly to the road warrior lifestyle. #MadMaxFuryRoad
135,135,135,568490171802513410,2827519263,0,0,0,16,5.6848020949569946e+17,retweeted,RT @TheMarySue: The Japanese Trailer For Mad Max: Fury Road Maintains the Epicness http://t.co/TlHRCI8ufC #MadMaxFuryRoad http://t.co/wH1gW‚Ä¶
136,136,136,568488889863819264,2369259888,0,0,0,0,,,Movie Trailer: Official International Trailer for #MadMaxFuryRoad: https://t.co/SqCzmNZdAH
137,137,137,568487735998197760,1398520280,0,0,0,16,5.6848020949569946e+17,retweeted,RT @TheMarySue: The Japanese Trailer For Mad Max: Fury Road Maintains the Epicness http://t.co/TlHRCI8ufC #MadMaxFuryRoad http://t.co/wH1gW‚Ä¶
138,138,138,568487522898186240,2978998320,0,0,0,16,5.6848020949569946e+17,retweeted,RT @TheMarySue: The Japanese Trailer For Mad Max: Fury Road Maintains the Epicness http://t.co/TlHRCI8ufC #MadMaxFuryRoad http://t.co/wH1gW‚Ä¶
139,139,139,568486670980542464,606289697,4,0,0,0,,,MT @HistoryofWarMag How much would this '42 German #motorcycle courier look at home in the #MadMaxFuryRoad trailer? http://t.co/GqYmOQibwF
140,140,140,568486450469208064,14969388,0,0,0,16,5.6848020949569946e+17,retweeted,RT @TheMarySue: The Japanese Trailer For Mad Max: Fury Road Maintains the Epicness http://t.co/TlHRCI8ufC #MadMaxFuryRoad http://t.co/wH1gW‚Ä¶
141,141,141,568485552711979008,184842367,0,0,0,0,,,SO EXCITED! @TheMarySue: Japanese Trailer For Mad Max Maintains the Epicness http://t.co/6DUcHXqGhz #MadMaxFuryRoad http://t.co/3zvirs6aGG
142,142,142,568485264596856832,630177985,0,0,0,16,5.6848020949569946e+17,retweeted,RT @TheMarySue: The Japanese Trailer For Mad Max: Fury Road Maintains the Epicness http://t.co/TlHRCI8ufC #MadMaxFuryRoad http://t.co/wH1gW‚Ä¶
143,143,143,568483619553071104,569393313,0,0,0,16,5.6848020949569946e+17,retweeted,RT @TheMarySue: The Japanese Trailer For Mad Max: Fury Road Maintains the Epicness http://t.co/TlHRCI8ufC #MadMaxFuryRoad http://t.co/wH1gW‚Ä¶
144,144,144,568483253532934144,19660125,0,0,0,16,5.6848020949569946e+17,retweeted,RT @TheMarySue: The Japanese Trailer For Mad Max: Fury Road Maintains the Epicness http://t.co/TlHRCI8ufC #MadMaxFuryRoad http://t.co/wH1gW‚Ä¶
145,145,145,568482524143460353,178088567,0,0,0,0,,,Don't miss the latest trailer for #MadMaxFuryRoad! http://t.co/rTkS0EeeIo
146,146,146,568481557746454528,18344654,0,0,0,16,5.6848020949569946e+17,retweeted,RT @TheMarySue: The Japanese Trailer For Mad Max: Fury Road Maintains the Epicness http://t.co/TlHRCI8ufC #MadMaxFuryRoad http://t.co/wH1gW‚Ä¶
147,147,147,568481174282231808,65877129,0,0,0,16,5.6848020949569946e+17,retweeted,RT @TheMarySue: The Japanese Trailer For Mad Max: Fury Road Maintains the Epicness http://t.co/TlHRCI8ufC #MadMaxFuryRoad http://t.co/wH1gW‚Ä¶
148,148,148,568481010729558019,495604020,0,0,0,16,5.6848020949569946e+17,retweeted,RT @TheMarySue: The Japanese Trailer For Mad Max: Fury Road Maintains the Epicness http://t.co/TlHRCI8ufC #MadMaxFuryRoad http://t.co/wH1gW‚Ä¶
149,149,149,568480927262887936,37322796,0,0,0,16,5.6848020949569946e+17,retweeted,RT @TheMarySue: The Japanese Trailer For Mad Max: Fury Road Maintains the Epicness http://t.co/TlHRCI8ufC #MadMaxFuryRoad http://t.co/wH1gW‚Ä¶
150,150,150,568480594474225664,2493749485,0,0,0,16,5.6848020949569946e+17,retweeted,RT @TheMarySue: The Japanese Trailer For Mad Max: Fury Road Maintains the Epicness http://t.co/TlHRCI8ufC #MadMaxFuryRoad http://t.co/wH1gW‚Ä¶
151,151,151,568480209495699456,225096034,21,0,0,16,,,The Japanese Trailer For Mad Max: Fury Road Maintains the Epicness http://t.co/TlHRCI8ufC #MadMaxFuryRoad http://t.co/wH1gWiEqXg
152,152,152,568478521871495169,3013855867,0,0,0,0,,,The international trailer for #MadMaxFuryRoad has dropped. The madness begins on May 15! http://t.co/mKqqmNoqXL http://t.co/S9iRYkrYvm
153,153,153,568478465382604800,2731703780,1,0,0,0,,,Action-Packed International Trailer for #GeorgeMiller‚Äôs #MadMaxFuryRoad http://t.co/Asst6a3Bo8 ‚Ä¶ http://t.co/w6227PPxIz
154,154,154,568477372984516608,2613961836,0,0,0,0,,,"(VIDEO)‚Äò#MadMaxFuryRoad ‚Äô #INTERNATIONAL #Trailer : LET THE CHASE BEGIN !
http://t.co/HjPotlK2oe http://t.co/giwvbUpLKj"
155,155,155,568473147869016065,1332579360,0,0,0,0,,,The #MadMaxFuryRoad Japanese trailer makes us think of our trip to #WastelandWeekend. But with less explosions. http://t.co/04GMSGDhsG
156,156,156,568472719894773760,1332579360,1,0,0,0,,,That Japanese #MadMax trailer looks INCREDIBLE. #MadMaxFuryRoad comes out May 15. https://t.co/VD0plqC6Cp
157,157,157,568472311617220608,815621569,0,0,0,0,,,"#BandeAnnonce japonaise de #MadMaxFuryRoad de George Miller: ""What a lovely day!"" https://t.co/d0F7MCkW8G #Fou"
158,158,158,568471626162905089,17164063,0,0,0,0,,,this movie looks aboslutely bat shit crazy. #MadMaxFuryRoad
159,159,159,568468883373477889,75421732,0,0,0,0,,,"#Watch The #International #Trailer for #MadMaxFuryRoad !
https://t.co/dEarWbBmWd"
160,160,160,568465973323407360,1260320970,0,0,0,1,5.684515131288904e+17,retweeted,RT @FNDNreview: Watch the new International Trailer for #MadMaxFuryRoad - starring Tom Hardy.  http://t.co/9IwgngFxFg http://t.co/0ALYdqTSQv
161,161,161,568463480027779072,2769605342,0,0,0,1,,,Check out the international trailer for #MadMaxFuryRoad http://t.co/bvSwwn4F3G http://t.co/AQVv1KPp09
162,162,162,568463466018816001,375727793,0,0,0,0,,,This is definitely happening... &amp; it looks sick https://t.co/3RAKqf30ww  #MadMaxFuryRoad
163,163,163,568455379857899521,45608329,1,0,1,1,,,"MAD MAX FURY ROAD
Nouvelle bande-annonce hallucinante !

#MadMaxFuryRoad #MadMax4  http://t.co/MvnAn7AFss http://t.co/VQiDk6GZLT"
164,164,164,568451513128890368,620410999,0,0,0,1,,,Watch the new International Trailer for #MadMaxFuryRoad - starring Tom Hardy.  http://t.co/9IwgngFxFg http://t.co/0ALYdqTSQv
165,165,165,568450638742462464,2208928187,0,0,0,0,,,#MadMaxFuryRoad is looking awesome... http://t.co/RNzNFkJ8Rl
166,166,166,568445763442733058,2735953998,0,0,0,0,,,Beautifully Insane Japanese Trailr 4 MAD MAX FURY RD #FuryRoad #GeorgeMiller #MADMAX #MadMaxFuryRoad #NicholasHoult #RileyKeough
167,167,167,568440766328123392,77761309,0,0,0,0,,,I cannot fucking wait for #MadMaxFuryRoad
168,168,168,568435899001909248,176750793,0,0,0,0,,,This Japanese #MadMaxFuryRoad trailer is all kind of epic http://t.co/gxHnlX2tUW http://t.co/WtrbTUFuHT
169,169,169,568427247000023040,6859772,0,0,0,0,,,This looks absolutely stunning and utterly madballz: https://t.co/KSNySxXO9E #madmaxfuryroad
170,170,170,568427153408311296,2809420590,0,0,0,0,,,"Novo trailer para Mad Max: Fury Road!

New trailer for #MadMaxFuryRoad! http://t.co/JmEhj9KoZK"
171,171,171,568420955728556032,425196023,0,0,0,0,,,#MadMaxFuryRoad looks like one of the most ferociously entertaining movies in years.
172,172,172,568420738580942848,558976074,0,0,0,0,,,"International MAD MAX: FURY ROAD trailer. Who's pumped for this???

#MadMaxFuryRoad http://t.co/pwjxmvXfMf"
173,173,173,568415180301983744,946617590,0,0,0,0,,,"It's very brief, but there's new footage in this international #MadMaxFuryRoad trailer
#TheNerdTruth
http://t.co/Pm8Q8itzDb"
174,174,174,568413245037363200,426787850,0,0,0,0,,,‚Äò#MadMaxFuryRoad‚Äô Gets an Insane International Trailer http://t.co/AX2KftiDd3
175,175,175,568413238406156288,426787850,0,0,0,0,,,‚Äò#MadMaxFuryRoad‚Äô Gets an Insane International Trailer http://t.co/sYFcy27Ust
176,176,176,568413233440104448,426787850,0,0,0,0,,,‚Äò#MadMaxFuryRoad‚Äô Gets an Insane International Trailer http://t.co/BeVXakfXIP
177,177,177,568413229329678336,426787850,0,0,0,0,,,‚Äò#MadMaxFuryRoad‚Äô Gets an Insane International Trailer http://t.co/BcxDAxelmx
178,178,178,568413221612175360,426787850,0,0,0,0,,,‚Äò#MadMaxFuryRoad‚Äô Gets an Insane International Trailer http://t.co/lgW7L4XNFh
179,179,179,568066130268418049,47358528,0,0,0,1,5.6806293680100966e+17,retweeted,RT @laurentbrady: The amazing 'producer's producer' @iainsmith #KillingFields #Childrenofmen #MadMaxFuryRoad at @MetFilmSchool today http:/‚Ä¶
180,180,180,568062936801009664,164021878,0,0,0,1,,,The amazing 'producer's producer' @iainsmith #KillingFields #Childrenofmen #MadMaxFuryRoad at @MetFilmSchool today http://t.co/kayBUfMoDd
181,181,181,567860546168594432,85976717,0,0,0,0,,,This could be considered porn for me lol #empiremagazine #tomhardy #movies #MadMaxFuryRoad http://t.co/nkWz6DH9Ij
182,182,182,567577795023609857,524251034,0,0,0,0,,,"8 #movies #i can't wait to see #2015
#MadMaxFuryRoad #TerminatorGenisys #AvengersAgeOfUltron‚Ä¶ http://t.co/1G6QgSieQx"
183,183,183,567429887699714048,275981868,0,0,0,0,,,"Looking forward!!!
#MadMax #FuryRoad #MadMaxFuryRoad #TomHardy #CharlizeTheron http://t.co/D3wEzQubkI"
184,184,184,567410282746503168,245806044,1,0,0,0,,,I normally don't watch trailers but these last few theatrical excursions have yielded NO #madmaxfuryroad preview! I want it on a big screen.
185,185,185,567394782096670720,728012952,0,0,0,208,5.427971245307536e+17,retweeted,RT @CharlizeAfrica: Are you ready for this?? The new #MadMaxFuryRoad trailer is here! http://t.co/x08W9jl10Z @MadMaxMovie is coming...soon ‚Ä¶
186,186,186,567373459085598720,2165791616,0,0,0,0,,,"My new show will cover a lot of topics from #usagiyojimbo , #SecretWars , #MadMaxFuryRoad, #DCComics , #marvelshare , and much more!"
187,187,187,567318330361393153,1645376210,0,0,0,208,5.427971245307536e+17,retweeted,RT @CharlizeAfrica: Are you ready for this?? The new #MadMaxFuryRoad trailer is here! http://t.co/x08W9jl10Z @MadMaxMovie is coming...soon ‚Ä¶
188,188,188,567242280722268160,51513645,0,0,0,0,,,"Mad max beyond thunderdome - weakest of the 3, too much Hollywood about it but still enjoyable.and Tina..... #MadMaxFuryRoad"
189,189,189,567242021833035777,51513645,0,0,0,0,,,Mad max road warrior - almost as good brilliant action and some classic blood and guts #MadMaxFuryRoad
190,190,190,567241847886868480,51513645,0,0,0,0,,,Watched mad max trilogy over weekend for first time in a long time.mad max = genuinely terrifying #MadMaxFuryRoad
191,191,191,567189969857675264,35562902,0,0,0,0,5.671893010423808e+17,replied_to,"‚Äú@PopMech: 15 of the Most Anticipated Sci-Fi Movies of 2015 http://t.co/eC4G9P9UzV http://t.co/OzKJ9PatKb‚Äù

#MadMaxFuryRoad 

Cult classic"
192,192,192,566543852291760129,153901374,0,0,0,0,,,"For all the men being dragged to watch #FiftyShadesOfGrey don't worry, #AgeOfUltron #MadMaxFuryRoad are out this year to get your own back"
193,193,193,566503018040807424,950189239,0,0,0,0,,,"""@CharlizeAfrica: Are you ready for this?? The new #MadMaxFuryRoad trailer is here! http://t.co/EsuV07cWHD @MadMaxMovie is coming...soon :)"""
194,194,194,566292021183127552,325637048,0,0,0,0,,,A #ComicBook #prequel to #MadMaxFuryRoad is coming from #DCComics! http://t.co/QvztlpdR1q
195,195,195,566272053523644419,323589464,0,0,0,0,,,Check Out The Cover Art For This Mad Max: Fury Road Book And Comic - http://t.co/D1M4JK9Tzz #madmaxfuryroad #madmax #furyroad
196,196,196,566174013311840257,562930191,0,0,0,0,,,#MadMaxFuryRoad: ecco le cover del'art book #ILoveCinefilos  http://t.co/7dkiOYHZxE
197,197,197,566174009339805696,251047297,0,0,0,0,,,#MadMaxFuryRoad: ecco le cover del'art book #ILoveCinefilos  http://t.co/5ixyxwupoR
198,198,198,566133461841231872,31658771,0,0,0,0,,,"NEWS: @vertigo_comics to publish MAD MAX Tie-Ins
http://t.co/MpCk5zKFAa
#comics #film #MadMaxFuryRoad http://t.co/GieURSs9JA"
199,199,199,566118790161657856,15845641,0,0,0,1,5.659929545865953e+17,retweeted,RT @ElliePyle: Can't wait for you all to see the GORGEOUS art in this #MadMaxFuryRoad Inspired Artists book.  65 incredible artists! http:/‚Ä¶
200,200,200,566098255088328704,2194076579,0,0,0,208,5.427971245307536e+17,retweeted,RT @CharlizeAfrica: Are you ready for this?? The new #MadMaxFuryRoad trailer is here! http://t.co/x08W9jl10Z @MadMaxMovie is coming...soon ‚Ä¶
201,201,201,566073079269306368,31658771,0,0,0,0,,,"NEWS: @vertigo_comics to publish MAD MAX Tie-Ins
http://t.co/MpCk5zKFAa
#comics #film #MadMaxFuryRoad http://t.co/9d6NjheCUS"
202,202,202,566018159308599296,511513476,0,0,0,0,,,"#Vertigo planning rad #MadMaxFuryRoad artbook &amp; prequel #comics 
http://t.co/kqR1LTDFk3"
203,203,203,566012659191918592,31658771,2,0,0,0,,,"NEWS: @vertigo_comics to publish MAD MAX Tie-Ins
http://t.co/MpCk5zKFAa
#comics #film #MadMaxFuryRoad http://t.co/wOEQMpyS76"
204,204,204,565992954586595328,205453753,6,0,0,1,,,Can't wait for you all to see the GORGEOUS art in this #MadMaxFuryRoad Inspired Artists book.  65 incredible artists! http://t.co/PWpRBlLvYa
205,205,205,565991010006999042,104823450,0,0,0,0,,,Dying to see what  @DaveMcKean has brought to #MadMaxFuryRoad http://t.co/Pi7GQ72Uf9
206,206,206,565977949707309056,138196823,0,0,0,0,,,'#MadMaxFuryRoad' Swerves Into Stores With Prequel Comic and Art Book http://t.co/thjm5fSzJ5
207,207,207,565970978321485825,296890242,2,0,0,0,,,.@DCComics announces special preview series for #MadMaxFuryRoad and the covers look glorious. http://t.co/VbjRQKqtRs http://t.co/TVMSQ5vi7Y
208,208,208,565953612783026179,37379738,0,0,0,3,5.6595238917033984e+17,retweeted,"RT @CapelessCrusade: NEWS: @vertigo_comics to publish MAD MAX Tie-Ins
http://t.co/MpCk5zt4IC
#comics #film #MadMaxFuryRoad http://t.co/5zng‚Ä¶"
209,209,209,565953520999088128,917787044,0,0,0,3,5.6595238917033984e+17,retweeted,"RT @CapelessCrusade: NEWS: @vertigo_comics to publish MAD MAX Tie-Ins
http://t.co/MpCk5zt4IC
#comics #film #MadMaxFuryRoad http://t.co/5zng‚Ä¶"
210,210,210,565952530882908160,234652121,0,0,0,3,5.6595238917033984e+17,retweeted,"RT @CapelessCrusade: NEWS: @vertigo_comics to publish MAD MAX Tie-Ins
http://t.co/MpCk5zt4IC
#comics #film #MadMaxFuryRoad http://t.co/5zng‚Ä¶"
211,211,211,565952389170339840,31658771,0,0,0,3,,,"NEWS: @vertigo_comics to publish MAD MAX Tie-Ins
http://t.co/MpCk5zt4IC
#comics #film #MadMaxFuryRoad http://t.co/5zng6kYqOQ"
212,212,212,565946121994776576,499014753,1,0,0,0,,,"""My world is fire and blood.""üëäüí•üî•
#MadMaxFuryRoad @MadMaxMovie @ders808 @NickSwardson @Wade_davidson10 @MikeWazowski21 http://t.co/k0ovETmBIk"
213,213,213,565942895270952960,566161373,0,0,0,6,5.659178936162304e+17,retweeted,"RT @HistoryofWarMag: Hey @SciFiNow, how much would this 1942 German motorcycle courier look at home in the #MadMaxFuryRoad trailer? http://‚Ä¶"
214,214,214,565926353447682048,712396729,0,0,0,6,5.659178936162304e+17,retweeted,"RT @HistoryofWarMag: Hey @SciFiNow, how much would this 1942 German motorcycle courier look at home in the #MadMaxFuryRoad trailer? http://‚Ä¶"
215,215,215,565925373289168896,314200747,0,0,0,6,5.659178936162304e+17,retweeted,"RT @HistoryofWarMag: Hey @SciFiNow, how much would this 1942 German motorcycle courier look at home in the #MadMaxFuryRoad trailer? http://‚Ä¶"
216,216,216,565925134058663936,2870699914,0,0,0,6,5.659178936162304e+17,retweeted,"RT @HistoryofWarMag: Hey @SciFiNow, how much would this 1942 German motorcycle courier look at home in the #MadMaxFuryRoad trailer? http://‚Ä¶"
217,217,217,565923561442136064,28321749,0,0,0,6,5.659178936162304e+17,retweeted,"RT @HistoryofWarMag: Hey @SciFiNow, how much would this 1942 German motorcycle courier look at home in the #MadMaxFuryRoad trailer? http://‚Ä¶"
218,218,218,565922732005539841,569410380,0,0,0,6,5.659178936162304e+17,retweeted,"RT @HistoryofWarMag: Hey @SciFiNow, how much would this 1942 German motorcycle courier look at home in the #MadMaxFuryRoad trailer? http://‚Ä¶"
219,219,219,565917893616230400,2274646436,7,0,1,6,,,"Hey @SciFiNow, how much would this 1942 German motorcycle courier look at home in the #MadMaxFuryRoad trailer? http://t.co/Vy7lrwT7f8"
220,220,220,565902375701848064,2735953998,0,0,0,0,,,MAD MAX: FURY ROAD Art Book and Comic Cover Art #ComicCoverArtGeorgeMiller #FuryRoad #MADMAX #MadMaxFuryRoad http://t.co/aRgTh2yuHF
221,221,221,565898126146277378,2735953998,0,0,0,0,,,MAD MAX FURY RD Art Book &amp; Comic Covr Art #FuryRoad #MADMAX #MadMaxFuryRoad
222,222,222,565858929221959681,426787850,0,0,0,0,,,Exclusive: See The Covers To Two Upcoming ‚Äò#MadMaxFuryRoad‚Äô #Books http://t.co/xJnEUnEQaG
223,223,223,565858925350633474,426787850,0,0,0,0,,,Exclusive: See The Covers To Two Upcoming ‚Äò#MadMaxFuryRoad‚Äô #Books http://t.co/DiPKnFidrS
224,224,224,565858921420554240,426787850,0,0,0,0,,,Exclusive: See The Covers To Two Upcoming ‚Äò#MadMaxFuryRoad‚Äô #Books http://t.co/faqeYD058T
225,225,225,565858917243047937,426787850,0,0,0,0,,,Exclusive: See The Covers To Two Upcoming ‚Äò#MadMaxFuryRoad‚Äô #Books http://t.co/4M43RA5Jtz
226,226,226,565858913505902593,426787850,0,0,0,0,,,Exclusive: See The Covers To Two Upcoming ‚Äò#MadMaxFuryRoad‚Äô #Books http://t.co/07SJuG6uYc
227,227,227,565735991265492993,524251034,0,0,0,0,,,"6 #movies
.. I'm looking forward to .. #2015
#poltergeist #MadMaxFuryRoad #AvengersAgeOfUltron‚Ä¶ http://t.co/Ow2iWmsaij"
228,228,228,565590003846512642,46557761,1,0,0,0,,,I FINALLY GOT MY COPY #TomHardy #MadMax #MadMaxFuryRoad #Empire #magazine http://t.co/lOgJkIExjX
229,229,229,565517817471332352,67292664,0,0,0,1,5.654776794164961e+17,retweeted,"RT @TheAhmedSalem: Somebody call #GeorgeMiller &amp; tell him that in this weather, #Egypt would be PERFECT 4 any #MadMaxFuryRoad reshoots. Nat‚Ä¶"
230,230,230,565477679416496128,30071125,0,0,0,1,,,"Somebody call #GeorgeMiller &amp; tell him that in this weather, #Egypt would be PERFECT 4 any #MadMaxFuryRoad reshoots. Natural lighting et all"
231,231,231,565449526069444608,873538080,0,0,0,0,,,What a lovely day #MadMaxFuryRoad http://t.co/WaxnOcNop0
232,232,232,565325610743246848,620202151,0,0,0,0,,,"Yeah if #MadMaxFuryRoad would just come out already, that'd be great...."
233,233,233,565318883125755904,272291436,0,0,0,1,5.653180898528584e+17,retweeted,"RT @A_Seat_Apart: If ""THE ROAD WARRIOR"" met ""300"" perhaps? Looks amazing.
#MadMaxFuryRoad http://t.co/GrqO9AYIhz"
234,234,234,565318089852858370,1128007651,1,0,0,1,,,"If ""THE ROAD WARRIOR"" met ""300"" perhaps? Looks amazing.
#MadMaxFuryRoad http://t.co/GrqO9AYIhz"
235,235,235,565280413078519809,2720278260,0,0,0,0,,,@RomeMajorBackup's account is temporarily unavailable because it violates the Twitter Media Policy. Learn more.
236,236,236,565276364509835265,56907950,0,0,0,0,,,Mad Max v Spider-Man: Fury Road #PutSpiderManInEveryMovie #MadMax #madmaxfuryroad
237,237,237,565216394879328256,2898565633,0,0,0,0,,,"""WhAt A DaY! WhAT A LoVeLY DaY!""   #MadMaxFuryRoad #DramaticStickShift #TheRoadWarrior #LovelyDay"
238,238,238,565185899257151490,51771142,0,0,0,0,,,"New #madmaxfuryroad movie, I'm not sure is this a reboot of the series or a sequel?!"
239,239,239,565087332655583232,212362034,0,0,1,0,,,"#Oscar predictions for next year:
Picture: #MadMaxFuryRoad
Actor: #LeonardoDiCaprio 
Actress: #RinkoKikuchi
Director: #RoyAndersson"
240,240,240,565031445521911808,49248817,1,0,2,0,,,BREAKING: @Latinoreview reports #BatmanvSuperman trailer to be released May 15 w/ #MadMaxFuryRoad. @WMKING2425 @Steele131 @rron007
241,241,241,564888642292686848,43718531,1,0,0,0,,,"Train sketch, inspired by Fury Road. #sketch #subwaysketch #trainsketch #drawing #illustration #madmaxfuryroad http://t.co/YPCBNT5JoR"
242,242,242,564828337369911296,248441664,0,0,0,0,,,#MadMaxFuryRoad. Can't wait for this one! | http://t.co/PXY76uv0ej http://t.co/VvtHPtaYU5
243,243,243,564780868758425601,2497597886,0,0,0,0,,,Can't wait for this #madmax #furyroad #madmaxfuryroad #georgemiller #blockbuster #bartertown http://t.co/B2InVpFI9L
244,244,244,564635803553640448,29589191,0,0,0,0,,,@TheAcademy #MadMaxFuryRoad or #StraightOuttaCompton gotta win Best Picture next year
245,245,245,563908076366229504,1971676122,0,0,0,0,,,"Waiting..

#MadMaxFuryRoad http://t.co/lfGt79h24H"
246,246,246,563816278683815936,474966251,0,0,0,0,,,#MadMaxFuryRoad is getting closer and closer. I can smell the gasoline!
247,247,247,563584548135374849,2448337603,0,0,0,0,,,"Our favorite drunken podcast. We talk about masturbation (yeah, what's new?) the bathroom door, and  #madmaxfuryroad https://t.co/d2FsqlNyGB"
248,248,248,563540661501042688,239160092,0,0,0,0,5.635175981348577e+17,replied_to,@MadMaxMovie  is it the 15th of May yet ?  #madmaxfuryroad
249,249,249,563498910912880640,84933664,0,0,0,0,,,Then again ... #madmaxfuryroad cant wait for that one
250,250,250,563450408358916096,31076393,0,0,0,1,5.634370694613729e+17,retweeted,"RT @TheFightNerd: Spin the wheel, raggedy man! #madmax #madmaxfuryroad"
251,251,251,563445220210003968,2813667756,0,0,0,0,,,Riley Keough marries Ben Smith-Petersen #CaraDelevingne #DannyKeough #ElvisPriestly #lisamariepresley #MadMaxFuryRoad http://t.co/bReFYh4Mvq
252,252,252,563437069461372928,50099238,0,0,0,1,,,"Spin the wheel, raggedy man! #madmax #madmaxfuryroad"
253,253,253,563357782460465153,52523803,0,0,0,0,,,Riley Keough Is Married 2 Ben Smith-Petersen! #celebrityguests #CourtneyEatonRiley #MadMaxFuryRoad #RileyKeough http://t.co/ckhEu7BzX5
254,254,254,563350511768698881,52523803,0,0,0,0,,,Riley Keough Is Married 2 Ben Smith-Petersen! #celebrityguests #CourtneyEatonRiley #MadMaxFuryRoad #RileyKeough http://t.co/ZYfx9YHDTY
255,255,255,563293578236272640,249331486,0,0,0,0,,,https://t.co/tbQbM5vgoY This looks amazing! Have to see this! #madmaxfuryroad
256,256,256,563248428520865792,612457041,2,0,0,0,,,Teaser and final trailer comparisons for Mad Max show how much madness gets added in post: http://t.co/PwbFJvGM6n #madmaxfuryroad
257,257,257,563099310016184320,22792664,1,0,0,0,,,"2015's picks: #CHAPPiE, #madmaxfuryroad, #TheWaterDiviner, #MissionImpossible5, #MrHolmes, #TheGunman, &amp; #Furious7, https://t.co/hsuC7csdUJ"
258,258,258,563096655843823618,1198285867,0,0,0,208,5.427971245307536e+17,retweeted,RT @CharlizeAfrica: Are you ready for this?? The new #MadMaxFuryRoad trailer is here! http://t.co/x08W9jl10Z @MadMaxMovie is coming...soon ‚Ä¶
259,259,259,563003536607571970,138217921,0,0,0,0,,,... And now some #madmax #madma quote tweets in anticipation of #madmaxfuryroad
260,260,260,562986947187314689,39403250,0,0,0,0,,,http://t.co/sNug9L4nTG Preview of most anticipated films of 2015 through June. #JurrasicWorld #AgeOfUltron #madmaxfuryroad
261,261,261,562937439195770881,211941633,0,0,0,0,,,"I uploaded a new track, ""#35: 2015 Movie Preview"", on @spreaker #avengersageofultron #madmaxfuryroad #spectre http://t.co/2tXkSQSBLL"
262,262,262,562687064559599616,390843638,0,0,0,208,5.427971245307536e+17,retweeted,RT @CharlizeAfrica: Are you ready for this?? The new #MadMaxFuryRoad trailer is here! http://t.co/x08W9jl10Z @MadMaxMovie is coming...soon ‚Ä¶
263,263,263,562464778283532288,1480136215,4,0,3,0,,,#BatmanvSuperman trailer better be with #JupiterAscending this wknd. They can't afford to wait til #MadMaxFuryRoad. At least by #AgeofUltron
264,264,264,562447122780663809,487621530,0,0,0,2,5.428436210837217e+17,retweeted,"RT @TheBitterCritic: Pardon my language, but there's only one way to say it; #MadMaxFuryRoad looks fucking nuts. Here's the new trailer
htt‚Ä¶"
265,265,265,562417074568302592,52523803,0,0,0,0,,,Charlize Theron &amp; ... #CharlizeTheron #LondonHotel #MadMaxFuryRoad #MaxTomHardy http://t.co/usXz7T7OWc http://t.co/t00iOk84a8
266,266,266,562412793413242882,73437049,0,0,0,208,5.427971245307536e+17,retweeted,RT @CharlizeAfrica: Are you ready for this?? The new #MadMaxFuryRoad trailer is here! http://t.co/x08W9jl10Z @MadMaxMovie is coming...soon ‚Ä¶
267,267,267,562403523845836800,52523803,0,0,0,0,,,Charlize Theron &amp;amp Nicholas Hoult Meet the Press 4 Mad Max #CharlizeTheron #LondonHotel #MadMaxFuryRoad http://t.co/dXpkQ8ozGc
268,268,268,562253194857029632,44681730,0,0,0,0,,,WIP #cherlizetheron from #madmax #madmaxfuryroad http://t.co/7SDRvY49S2
269,269,269,562248468904026112,44681730,0,0,0,0,,,WIP #cherlizetheron from #madmax #madmaxfuryroad http://t.co/UZwNZLAaGY
270,270,270,562076036985520128,616738646,0,0,1,0,,,"Look guys, I know y'all want a #BatmanvSuperman #SB49 spot, but let's face it: If @wbpictures was gonna do an ad, it'd be 4 #MadMaxFuryRoad"
271,271,271,562072266222338048,981602106,0,0,0,1,,,"2 men enter , 1 man leaves #MadMaxFuryRoad @Eddie_Woo @Fuzz565"
272,272,272,562069620383707136,6092922,0,0,0,0,,,Someone mash up that #jeep #SB49 commercial with #MadMaxFuryRoad and  make the internet happy.
273,273,273,562066511473283073,135561385,0,0,0,0,,,@NBCTheVoice  great commercial! #MadMaxFuryRoad  #AdamLevine #excessiveeyeliner
274,274,274,562064339654680576,480717554,2,0,0,0,,,Seeing someone over the age of 100 driving a car with 500 HP. #MadMaxFuryRoad #SupeBowlAds
275,275,275,562061499774951425,22559344,0,0,0,0,,,Well not the Mad Max commercial I was hoping for . #SuperBowlXLIX #TheVoice #MadMaxFuryRoad
276,276,276,562060743747862530,279505110,1,0,0,0,,,"@NBCTheVoice great ""#MadMaxFuryRoad"" inspired #commercial üëç!!"
277,277,277,562060508300578816,159573719,0,0,0,1,5.620600915919135e+17,retweeted,RT @holyjamie11: BEST THE VOICE COMMERCIAL EVER #MadMaxFuryRoad
278,278,278,562060305812185088,2319264110,0,0,0,0,,,"If I want to see ads for #MadMaxFuryRoad, I check out on @YouTube &amp; not on @nbc. I got an ad for #TheVoice Thunderdome #SuperBowlXLIX"
279,279,279,562060173318299649,64506324,0,0,0,0,,,"Stupid @TheVoice_TF1 , For 5 seconds I was excited for a new #MadMaxFuryRoad trailer... #SuperBowl #superbowlcommercials"
280,280,280,562060091591913473,1040664607,0,0,0,1,,,BEST THE VOICE COMMERCIAL EVER #MadMaxFuryRoad
281,281,281,562060075620376576,36767022,0,0,0,0,,,Voice should do it always like #MadMaxFuryRoad
282,282,282,562059997652451330,2506250891,0,0,0,0,,,Is this an ad for #TheVoice or #MadMaxFuryRoad? #SuperBowl
283,283,283,562058089344405504,469397801,0,0,0,0,,,@MissyElliott  love the promo for the new #MadMaxFuryRoad promo.  #SuperBowl
284,284,284,562051331582861313,407193789,0,0,0,0,,,"I suspect that #Furious7 and #MadMaxFuryRoad will satisfy my craving this summer for big screen badass car chases:
http://t.co/BI0F132TOp"
285,285,285,562042173043269632,423143886,0,0,0,0,,,Fast 7: teh car chase movie of the year goes to... #MadMaxFuryRoad! Sad about Paul Walker tho #SuperBowl #Upsets
286,286,286,562039584855293954,711390642,0,0,0,0,,,It's going to be a great summer of movies! #MadMaxFuryRoad #JurassicWorld #TerminatorGenisys Can't wait! #IMAX3D
287,287,287,562038654676115456,262342197,0,0,0,0,,,"2015, the year of #JurassicWorld #StarWars #MadMaxFuryRoad"
288,288,288,562010360451203072,372484971,0,0,0,7,5.619622326285312e+17,retweeted,"RT @cineworld: A world without hope..Without law.. Without mercy...

Here's #MadMaxFuryRoad 
http://t.co/WsmVxeigGt"
289,289,289,562004766386311168,1852280156,0,0,0,7,5.619622326285312e+17,retweeted,"RT @cineworld: A world without hope..Without law.. Without mercy...

Here's #MadMaxFuryRoad 
http://t.co/WsmVxeigGt"
290,290,290,561999015093735424,334822902,0,0,0,7,5.619622326285312e+17,retweeted,"RT @cineworld: A world without hope..Without law.. Without mercy...

Here's #MadMaxFuryRoad 
http://t.co/WsmVxeigGt"
291,291,291,561992765312364544,818384221,0,0,0,0,,,I can't wait to see Tom Hardy in Mad Max! #MadMaxFuryRoad
292,292,292,561981676428218368,202132824,0,0,0,7,5.619622326285312e+17,retweeted,"RT @cineworld: A world without hope..Without law.. Without mercy...

Here's #MadMaxFuryRoad 
http://t.co/WsmVxeigGt"
293,293,293,561963424746205185,45412310,0,0,0,7,5.619622326285312e+17,retweeted,"RT @cineworld: A world without hope..Without law.. Without mercy...

Here's #MadMaxFuryRoad 
http://t.co/WsmVxeigGt"
294,294,294,561962232628531200,17679727,5,0,2,7,,,"A world without hope..Without law.. Without mercy...

Here's #MadMaxFuryRoad 
http://t.co/WsmVxeigGt"
