,Unnamed: 0,id,author_id,like_count,quote_count,reply_count,retweet_count,referenced_tweet_id,referenced_tweet_type,text
0,0,396053179961339904,99757777,1,0,0,1,,,2nd #WolfofWallStreet trailer... #cannotwait
1,1,396045661424328704,257517997,0,0,0,3,3.953551873693614e+17,retweeted,RT @MovieWeb: Second The Wolf of Wall Street Trailer http://t.co/my5UTnArHx #TheWolfOfWallStreet #WolfOfWallStreet #LeonardoDiCaprio
2,2,396039372539043840,32145194,3,0,0,0,,,The new trailer for #WolfofWallStreet. This has all the elements of another Scorsese classic. Can't wait. http://t.co/Pz27EZOAXA
3,3,396036190354161664,199019346,6,0,0,0,,,Give me Leo or give me death #wolfofwallstreet
4,4,396027801372864512,516836191,0,0,0,1,,,@JordanBelfort #EPIC - cannot wait for this movie. Loved the book: http://t.co/g8Ca19rufG #wolfofwallstreet #jasonbelfort #money
5,5,396019838545453056,23563560,0,0,0,0,,,Now this #WolfOfWallStreet trailer makes me want to see the film. http://t.co/NnbforRuzI Now I know what it's about.
6,6,396005409737023488,122428616,0,0,1,0,,,pretty sure i just found @brianbowsher a new favorite movie http://t.co/fT93wb0bMI #wolfofwallstreet
7,7,395997161823141888,28065419,0,0,0,0,,,Wolf of Wall Street is 2hr and 45 mins ..... #Scorsese gotta be kidding me. #movie #wolfofwallstreet #whateverhappenedto120mins
8,8,395972192409632769,291210046,0,0,0,0,,,"Every time I watch the #WolfofWallStreet trailer, an angel orgasms her wings off. #Leo #Leo #Leo #Leo #Leo #Leo #Leo #Leo #Leo #Leo #Leo"
9,9,395963875092623360,30813816,0,0,0,1,3.95953070280278e+17,retweeted,RT @Primetime_Keim: Can't wait for #WolfofWallstreet to hit theaters #makemoney
10,10,395955069470146560,240009813,0,0,0,6,3.955151500666552e+17,retweeted,RT @mattjpsmith: Big film! Excited to see this #WolfOfWallStreet http://t.co/Ac9TZNggqU
11,11,395953070280278016,394918291,0,0,0,1,,,Can't wait for #WolfofWallstreet to hit theaters #makemoney
12,12,395948528360378368,25127170,1,0,0,0,3.9594188243994624e+17,replied_to,@whiskeysoaking it looks epic. I'm reading the book now. #wolfofwallstreet
13,13,395920657554624512,164835306,0,0,0,0,,,#wolfofwallstreet looks ridiculous can't wait...
14,14,395919200843476992,22024824,0,0,0,1,3.959181915047977e+17,retweeted,RT @MyUniHub: The Big Bad Wolf is Coming! #WolfofWallStreet best trailer so far! http://t.co/wHkP9GQiXy
15,15,395918191504797696,210578261,0,0,0,1,,,The Big Bad Wolf is Coming! #WolfofWallStreet best trailer so far! http://t.co/wHkP9GQiXy
16,16,395884906531659776,219698799,0,0,1,0,,,New #WolfofWallStreet trailer: http://t.co/i9uPdrT6st #swoon
17,17,395873746449207296,27408764,0,0,0,0,,,Leonardo DiCaprio. Martin Scorcese. The dream team. This looks so much fun! Can't wait! #WolfofWallStreet https://t.co/PbI0g6K8RQ
18,18,395873036370337792,266295169,0,0,0,0,,,"the back of my cousins' head is in the new #WolfOfWallStreet trailer, so yeah... he's kind of a big deal"
19,19,395853848008740864,108293423,0,0,0,0,,,#LeonardoDiCaprio in the #WolfofWallStreet - Trailer #2 &gt;&gt; http://t.co/1oRAGKB8nA http://t.co/az9rEJeUM4
20,20,395816564941156352,115775895,0,0,1,0,,,"The #WolfOfWallStreet is #CatchMeIfYouCan grown up, and also - I'm presuming - not based on a real story"
21,21,395749811884138496,1160463846,0,0,0,0,,,Check out http://t.co/GDJBacEuYv to see the new #trailer for #WolfOfWallStreet . Spoiler... It looks amazing!
22,22,395749160198369280,1013770369,0,0,0,0,3.95745840494805e+17,replied_to,@wolfofwallst can't friggin wait!! #wolfofwallstreet
23,23,395738456178954240,169739245,0,0,0,0,,,New #WolfOfWallStreet trailer!!!! Via @IGN http://t.co/WwEEdVsDXe
24,24,395732998584156160,25442307,1,0,0,0,,,Here's another #WolfOfWallStreet taster: http://t.co/sRt3qN7tOr @LeoDiCaprio @JonahHill #ChristmasDay #Excited #Mornings9
25,25,395728093425729536,255314414,0,0,0,2,3.957173862773719e+17,retweeted,"RT @JonSchnepp: Wednesday @AMCMovieNews  with @johncampea and I talking about #WolfOfWallStreet, Spiderman 2, Patiend Z and more: http://t.‚Ä¶"
26,26,395718112068108288,28874519,0,0,0,2,3.957173862773719e+17,retweeted,"RT @JonSchnepp: Wednesday @AMCMovieNews  with @johncampea and I talking about #WolfOfWallStreet, Spiderman 2, Patiend Z and more: http://t.‚Ä¶"
27,27,395717386277371904,329313503,1,0,1,2,,,"Wednesday @AMCMovieNews  with @johncampea and I talking about #WolfOfWallStreet, Spiderman 2, Patiend Z and more: http://t.co/dxv6RPYTpc"
28,28,395716917467820032,260511006,0,0,0,0,,,I don't feel like waiting till Christmas. #WolfOfWallStreet #AllTheOscars http://t.co/gHJuEUy5Hh
29,29,395714878104555520,575170669,0,0,0,0,,,"I cannot truly describe how excited I am for the wolf of Wall Street, looks so fucking awesome. #WolfOfWallStreet"
30,30,395714679625904128,22188752,0,0,0,0,,,"Yes, please #WolfOfWallStreet https://t.co/bm5Y4TXghC"
31,31,395712581853519872,878247954,0,0,0,0,,,"Scorsese‚Äôs potential Oscar nominee gets an ‚Äòin time for nominations‚Äô release date. #WolfOfWallStreet - Matt
http://t.co/ocyGuNcmFb"
32,32,395712374541254656,298898430,0,0,0,0,,,Scorsese‚Äôs potential Oscar nominee gets an ‚Äòin time for nominations‚Äô release date. #WolfOfWallStreet http://t.co/BjnFAMLlmz
33,33,395712189350543360,23825611,0,0,0,0,,,"@a_tronson New #wolfofwallstreet trailer
 http://t.co/tPg70lG2VU"
34,34,395694063397376000,348610461,1,0,0,0,,,Watching the new #WolfofWallStreet trailer on repeat for the rest of the night incase anyone needs me #JordanBelfort #dreamboat
35,35,395689096968155136,1413267168,0,0,0,0,,,Love @YahooMoviesUK after that #wolfofwallstreet trailer post! Also how do I do this hunger games interview comp?!?
36,36,395687651895820288,310790607,0,0,0,1,3.9568573012024115e+17,retweeted,RT @FanDicaprio: WHOS EXCITED FOR #WolfOfWallStreet  üê∫üê∫üê∫üê∫üê∫
37,37,395685730120241152,1192120854,0,0,0,1,,,WHOS EXCITED FOR #WolfOfWallStreet  üê∫üê∫üê∫üê∫üê∫
38,38,395681177040084992,15142430,0,0,0,0,,,RT @jtcorrigan: This I gotta see: http://t.co/B2PEtsguz3 the amazing trailer for #WolfOfWallStreet.
39,39,395679926424072192,986107015,0,0,0,0,,,people who complain about 3 hour runtimes should STAY HOME and there'll be more opening night seats for the rest of us #wolfofwallstreet
40,40,395677339578667008,219338148,0,0,0,0,,,Oh man this movie looks sick #WolfOfWallStreet http://t.co/en517g0ZIH
41,41,395674628490014721,20458289,0,0,0,3,3.956605341685678e+17,retweeted,"RT @jtcorrigan: This I gotta see: http://t.co/1zd6niq8wW, the amazing trailer for #WolfOfWallStreet."
42,42,395674517462585344,16664681,0,0,0,3,3.956605341685678e+17,retweeted,"RT @jtcorrigan: This I gotta see: http://t.co/1zd6niq8wW, the amazing trailer for #WolfOfWallStreet."
43,43,395673784713101312,14158021,0,0,0,0,,,The Wolf of Wall Street: http://t.co/tTgZDPUgpu via @youtube #wolfofwallstreet #trailer
44,44,395673069076762624,50522278,0,0,0,0,,,A brand new look at a movie we are very excited about #wolfofwallstreet  http://t.co/QT1lXbCln4
45,45,395668999372959744,706135836,1,0,0,0,3.9559070523131085e+17,replied_to,"@frodopetite Leo and Matt, can this film get any cooler? #WolfOfWallStreet"
46,46,395662901534818304,132186634,0,0,0,3,3.956528222405919e+17,retweeted,"RT @CELEBUZZ: Sex, drugs &amp; money laundering: If that doesn't get you excited for #WolfOfWallStreet, I don't know what will. http://t.co/SVA‚Ä¶"
47,47,395661970554515456,454951040,0,0,0,0,3.955313128884183e+17,replied_to,‚Äú@YahooMoviesUK: #WolfOfWallStreet trailer http://t.co/P201nSvHEG http://t.co/uX3lr1EUEp‚Äù @matthew_crick
48,48,395660534168567809,14739442,5,0,0,3,,,"This I gotta see: http://t.co/1zd6niq8wW, the amazing trailer for #WolfOfWallStreet."
49,49,395656783060275201,275176749,0,0,0,3,3.956528222405919e+17,retweeted,"RT @CELEBUZZ: Sex, drugs &amp; money laundering: If that doesn't get you excited for #WolfOfWallStreet, I don't know what will. http://t.co/SVA‚Ä¶"
50,50,395655057066450944,35830487,0,0,0,3,3.956528222405919e+17,retweeted,"RT @CELEBUZZ: Sex, drugs &amp; money laundering: If that doesn't get you excited for #WolfOfWallStreet, I don't know what will. http://t.co/SVA‚Ä¶"
51,51,395652822240591872,15087120,2,0,0,3,,,"Sex, drugs &amp; money laundering: If that doesn't get you excited for #WolfOfWallStreet, I don't know what will. http://t.co/SVAvFEqwbH"
52,52,395648394183462913,22823408,0,0,0,0,,,"I'll go see it, Marty!  Even if it is 3 hrs long! #WolfofWallStreet #Scorsese  http://t.co/HtUCqnrshl"
53,53,395646287556526080,463445165,1,0,0,0,,,@__JordanRenee Leo's girlfriend in the #WolfofWallStreet trailer is totally Laura from #PanAm. Twenty bucks says she pulls a Kate Cameron
54,54,395644947715457024,16807780,0,0,1,0,,,This looks good. http://t.co/bXglUa3OrU #WolfOfWallStreet Date night @meaganshultz?
55,55,395642607109287936,1388670144,0,0,0,0,,,I‚Äôll trade you one screaming Leo DiCaprio for six breakdancing Leo Dicaprios. #WolfofWallStreet
56,56,395633740744888320,77552185,0,0,0,0,,,This is what I'll be watching this Christmas. #WolfOfWallStreet #trailer  http://t.co/jAWbi45x8m
57,57,395631860224503808,261421781,0,0,0,0,,,Closter Driving Range Spotted @ 2:09 http://t.co/9gYA8ijcPG #wolfofwallstreet
58,58,395628478730866688,459502167,0,0,0,0,,,Just saw that #WolfOfWallStreet has set it's final running time at 165 minutes!!!!!! Well I was excited for it. #waytoolong
59,59,395626792792625152,325663765,0,0,0,0,,,New 'The Wolf of Wall Street' Trailer - Video | #Can'tWait #WolfofWallStreet http://t.co/tL8KLOvON3
60,60,395626234853351424,606933516,0,0,0,0,,,you have no idea how excited i am for the #wolfofwallstreet movie to come out...new trailer is awesome. Time to reread the book
61,61,395625625475510273,603891220,0,0,1,0,,,Looks as #Hollywood &amp; not like #WallStreet in my eyes Something's borrowed from another movies RT #WolfOfWallStreet http://t.co/n5fTvo7Lom
62,62,395625165834289153,139503140,0,0,0,0,,,"@LeoDiCaprio should win #Oscar he deserve for every role &amp; every scene he did, at #WolfOfWallStreet he absolutely should get one."
63,63,395622217762865152,139503140,0,0,0,0,,,"@LeoDiCaprio's new movie #WolfOfWallStreet trailer looks awesome &amp; Leo just Great, I can't wait to see the movie http://t.co/TtblskAv5i"
64,64,395620140001148928,963610892,0,0,0,0,,,"I'd be surprised if this wasn't ridiculously good #wolfofwallstreet 
http://t.co/nqR9m06EZ8"
65,65,395619396309499904,44221426,0,0,0,0,,,I don‚Äôt get overly hyped for films based off trailers. This one‚Äôs making it difficult. #WolfofWallStreet #Scorsese http://t.co/KAuF4CtUzK
66,66,395617090901524480,135258325,0,0,0,0,,,New Wolf of Wall Street Trailer... Leo definitely ain't soft. #thatmandeservesanoscar #WolfOfWallStreet
67,67,395616792107692032,1247716608,0,0,0,0,,,I'm baffled by people criticizing #WolfOfWallStreet for being too long. Seems silly without knowing the story.
68,68,395615199803490304,1901944980,0,0,0,0,,,Wolf of Wall Street #wolfofwallstreet #martinscorsece #leonardodicaprio #wallstreet #christmas #money‚Ä¶ http://t.co/i3Ur0Jm7Zx
69,69,395612944773304320,289732664,0,0,0,0,3.956119367478395e+17,replied_to,"@Abdaddy As much as I like this coming from you, with #WolfOfWallStreet in comedy, yes Globes. The competition is too stiff for #Oscar but.."
70,70,395606742018453504,720809118,0,0,0,0,,,'Wolf Of Wall Street' Drops Second Trailer With New Release Date [Video] - http://t.co/pI375VqRy9 #WolfOfWallStreet
71,71,395606740298760192,1372272469,0,0,0,0,,,'Wolf Of Wall Street' Drops Second Trailer With New Release Date [Video] - http://t.co/0t40GJhO5V #WolfOfWallStreet
72,72,395603169977192448,33279960,1,0,0,0,,,"Oh man, the new #WolfofWallStreet trailer."
73,73,395596259072802817,30496114,0,0,0,0,,,The more I see of #WolfofWallStreet the more I can't wait for this #Film http://t.co/iKFDsL5SHh #Trailer @LeoDiCaprio #Scorsese @JonahHill
74,74,395593736526520320,16636158,0,0,0,0,,,Enjoy the Amazing New 'Wolf of Wall Street' Trailer!!! http://t.co/v5GSZtstw8 #wolfofwallstreet
75,75,395593699746279425,15496520,0,0,0,0,,,Enjoy the Amazing New 'Wolf of Wall Street' Trailer!!! http://t.co/FCMLhKi3MO #WolfOfWallStreet
76,76,395593522155233280,20572800,0,0,0,0,,,Can't Wait to see this movie!!! http://t.co/w6KiBPTPjI #WolfOfWallStreet
77,77,395593151127515137,169476725,0,0,0,0,,,"This looks like it's going to be a whole load of fun #WolfOfWallstreet
https://t.co/AiPsvuTRky"
78,78,395592473688285184,270852030,1,0,1,0,,,http://t.co/Csk8Fxu6WQ So.. this came out last night boys @Buchan_86 @SimonFalconer1  #WolfOfWallStreet
79,79,395591445542731777,1677388338,1,0,0,0,,,The second #WolfOfWallStreet trailer is out and it's #awesome http://t.co/hrEE1i84fW #movies #dicaprio #film
80,80,395587875724472321,95562698,0,0,0,0,,,This movie looks great #WolfofWallStreet http://t.co/LiIB52AgPW
81,81,395587538829979648,16842917,0,0,0,1,3.955866596531364e+17,retweeted,"RT @House_Next_Door: Links for the Day: Best Horror Films Since #TheShining, #SteveMcQueen Coming to #HBO, #WolfOfWallStreet Trailer, More ‚Ä¶"
82,82,395587047496224769,473291314,0,0,0,0,,,That #WolfOfWallStreet trailer gets me pumped to watch more Scorsese movies. Guy is just awesome!
83,83,395586659653136384,107266564,0,0,0,1,,,"Links for the Day: Best Horror Films Since #TheShining, #SteveMcQueen Coming to #HBO, #WolfOfWallStreet Trailer, More http://t.co/SxgSDSi3ft"
84,84,395585761720143873,399226106,1,0,0,0,,,Can't wait for the #WolfOfWallStreet @LeoDiCaprio #$$$
85,85,395585453619163136,1380008396,0,0,0,0,,,Leoo you're doing it again üòªüí∞üí∏ #WolfOfWallStreet
86,86,395583872655581185,309357591,2,0,0,0,,,the wolf of wall street looks SICK! cant wait for it to come out #WolfOfWallStreet
87,87,395581910367629312,251483123,0,0,0,1,3.955818093519831e+17,retweeted,RT @PartyHop: Will Leonardo DiCaprio Win Oscar Buzz For Christmas? Second 'Wolf of Wall Street' Trailer Says Yes http://t.co/dzBAaVhIig #Wo‚Ä¶
88,88,395581828943196160,62470418,0,0,0,0,,,Will Leonardo DiCaprio Win Oscar Buzz For Christmas? Second 'Wolf of Wall Street' Trailer Says Yes  #WolfofWallStreet http://t.co/A2EuFL6PfJ
89,89,395581809351983104,178009107,0,0,0,1,,,Will Leonardo DiCaprio Win Oscar Buzz For Christmas? Second 'Wolf of Wall Street' Trailer Says Yes http://t.co/dzBAaVhIig #WolfofWallStreet
90,90,395581178662486017,22139840,0,0,0,0,3.955805784492032e+17,replied_to,@DanielBettridge I want to go into hibernation until it's release date! Can't wait #WolfOfWallStreet
91,91,395580440112676864,51887192,0,0,0,8,3.9541602084573184e+17,retweeted,"RT @AFIFEST: RT @TheFilmStage: New Trailer for Martin Scorsese‚Äôs 165-Minute, Christmas-Bound ‚ÄòThe #WolfOfWallStreet‚Äô http://t.co/Y3lb4W0hlp"
92,92,395578781487730688,557177510,0,0,0,0,,,"Looking forward to this.Gonna be a slick,slick film. @schnuggs1 @mahaulll New trailer looks mint. #WolfofWallStreet  
http://t.co/L1WsDbfm0s"
93,93,395578458975510528,235022828,0,0,0,0,,,Jacked for this ... don't know if he can compare to 'Bud Fox' ... but it should be just as great #WolfOfWallStreet http://t.co/4hPpXFmZFp
94,94,395575892065275904,48853626,0,0,0,0,,,"""You show me a pay stub for $25,000, I quit my job right here &amp; work for you"" Full of excitement for #WolfOfWallStreet! Leo is the greatest"
95,95,395575530503667713,16409438,0,0,0,0,,,[Trailer 2] The Wolf of Wall Street http://t.co/KvcUS8gkHg #WolfOfWallStreet
96,96,395575482265374720,192719576,0,0,0,0,,,"It's only a 2 and a half minute trailer, but I already LOATHE every character in #WolfOfWallStreet with the entirety of my being."
97,97,395573041071017984,237069106,0,0,0,0,,,The #WolfofWallStreet trailer http://t.co/HKSaKmDHYB
98,98,395572803379798017,25562864,0,0,0,0,,,"Just watched this trailer way more than once. (I love you, Leo.) #WolfOfWallStreet http://t.co/N1TKJxnzAq"
99,99,395571808235053056,393736294,0,0,0,0,,,The Wolf of Wall Street Trailer #2 #wolfofwallstreet #martinscorcese @LeoDiCaprio @JonahHill http://t.co/zAuHC9eK1U
100,100,395570902437736449,271114526,0,0,0,0,,,cc @The_Storyseller RT @DETAILS: The second trailer for #WolfOfWallStreet is here! Thoughts? http://t.co/OX08eyKe2f
101,101,395567216906616832,735060866,0,0,0,0,,,#WolfOfWallStreet trailer.  This looks REALLY good. http://t.co/n01YyxiLRp
102,102,395566835975729152,102172518,0,0,0,0,,,#WolfOfWallStreet looks like a bad ass movie. First Academy Award for Leo?
103,103,395566812055601154,16120119,0,0,0,8,3.9541602084573184e+17,retweeted,"RT @AFIFEST: RT @TheFilmStage: New Trailer for Martin Scorsese‚Äôs 165-Minute, Christmas-Bound ‚ÄòThe #WolfOfWallStreet‚Äô http://t.co/Y3lb4W0hlp"
104,104,395566026823172096,29459494,0,0,0,0,,,"Rawrr, Leo is more foxy than wolfy in the new trailer for #WolfOfWallStreet. See it here: http://t.co/nDITHl0L68"
105,105,395564595659554816,224700884,0,0,0,0,,,"I don't think I have ever been more excited to see a movie #WolfOfWallStreet 

http://t.co/PNdp16nmT9"
106,106,395563728835719168,205067727,0,0,0,8,3.9541602084573184e+17,retweeted,"RT @AFIFEST: RT @TheFilmStage: New Trailer for Martin Scorsese‚Äôs 165-Minute, Christmas-Bound ‚ÄòThe #WolfOfWallStreet‚Äô http://t.co/Y3lb4W0hlp"
107,107,395562431235506176,424264901,0,0,0,0,,,This is another film I can't wait to see #WolfOfWallStreet @LeoDiCaprio http://t.co/OCOYmkDkrv
108,108,395561404830584834,127744743,0,0,0,0,,,RT @OntheScreenRvw: More @JonahHill  and those teeth in the new #WolfofWallStreet trailer! http://t.co/rerC9K2Hx9
109,109,395561178015203329,566808459,0,0,0,8,3.9541602084573184e+17,retweeted,"RT @AFIFEST: RT @TheFilmStage: New Trailer for Martin Scorsese‚Äôs 165-Minute, Christmas-Bound ‚ÄòThe #WolfOfWallStreet‚Äô http://t.co/Y3lb4W0hlp"
110,110,395560792621592577,54993288,0,0,0,0,,,"New #Scorsese film #WolfofWallStreet looks pretty awesome, but the thought of sitting for 2 hr 45 min is exhausting http://t.co/neDPxgjIjY"
111,111,395560658605178880,19965640,0,0,0,0,,,Paramount moved up #WolfOfWallStreet to Christmas. Must we wait that long?
112,112,395559497349218304,60090731,0,0,0,1,3.955394881657528e+17,retweeted,RT @RobDiffley: This just looks too good #WolfOfWallStreet http://t.co/0GI4luNo4R
113,113,395559432421400577,134007972,0,0,0,1,3.9554945761529446e+17,retweeted,RT @CinemaBite: how to make a trailer feel epic? use a Jack White or Kanye song #WolfofWallStreet
114,114,395559211746066433,40968153,1,0,0,0,,,The #WolfOfWallStreet makes me nervous for the #SheepsOfWallStreet on Xmas day.  Cannot wait!  @LeoDiCaprio @JonahHill @MargotRobbie
115,115,395557683350106114,64250948,0,0,0,8,3.9541602084573184e+17,retweeted,"RT @AFIFEST: RT @TheFilmStage: New Trailer for Martin Scorsese‚Äôs 165-Minute, Christmas-Bound ‚ÄòThe #WolfOfWallStreet‚Äô http://t.co/Y3lb4W0hlp"
116,116,395557160593027074,24254832,0,0,0,8,3.9541602084573184e+17,retweeted,"RT @AFIFEST: RT @TheFilmStage: New Trailer for Martin Scorsese‚Äôs 165-Minute, Christmas-Bound ‚ÄòThe #WolfOfWallStreet‚Äô http://t.co/Y3lb4W0hlp"
117,117,395554725304627200,28226967,0,0,0,0,,,#WolfofWallStreet new trailer is INSANE...can't wait for December... via @vulture http://t.co/2HSoRLgjiU
118,118,395554388527165442,23068719,0,0,0,0,,,Well this look absolutely quality #WolfofWallStreet http://t.co/ZMmRUIDvDc
119,119,395553939153625088,134007972,0,0,1,0,,,More @JonahHill  and those teeth in the new #WolfofWallStreet trailer! http://t.co/RM2si6CUwB
120,120,395553652439781376,1855656560,0,0,0,1,3.9555047747710566e+17,retweeted,RT @ColinWolfgang: New #WolfofWallStreet trailer better than the first. Wonder if I can drag my family to this on Christmas day...
121,121,395553575419387904,55640406,1,0,0,0,,,@JonahHill saw the new #WolfOfWallStreet trailer. Felt like yesterday you were drawing dicks and tryin to buy booze. Now you're all grown up
122,122,395550477477105664,496136026,1,0,0,1,,,New #WolfofWallStreet trailer better than the first. Wonder if I can drag my family to this on Christmas day...
123,123,395550351803179009,1186036446,1,0,0,0,,,Can.Not.Wait http://t.co/HeS3GzAOrf #new #WolfOfWallStreet #trailer SEE IT!!
124,124,395549457615294464,321702263,1,0,0,1,,,how to make a trailer feel epic? use a Jack White or Kanye song #WolfofWallStreet
125,125,395547866267013120,32977716,0,0,0,0,,,I love three things my country Jesus Christ and making people money. http://t.co/gVnoZFvgMu what a great new trailer. #WolfofWallStreet.
126,126,395540508572794880,216968026,0,0,0,0,,,Can we talk about how amazing this new trailer for #WolfOfWallStreet is? Because really. http://t.co/yMz1U5NAxO
127,127,395540464201248768,43646823,0,0,0,0,,,this looks fucking awesome ==&gt; https://t.co/XHuzF2Pdde #wolfofwallstreet
128,128,395539724594847744,369645174,0,0,0,0,,,CANNOT WAIT FOR THIS! http://t.co/saBzo6WrYU #WolfOfWallStreet #leo
129,129,395539488165752833,942416671,3,0,0,1,,,This just looks too good #WolfOfWallStreet http://t.co/0GI4luNo4R
130,130,395538962103537664,621374314,0,0,0,1,3.955353476163256e+17,retweeted,RT @NikGrape: Second #WolfOfWallStreet trailer looks fantastic - tells everyone predicting Oscars to stop what they're doing.  http://t.co/‚Ä¶
131,131,395535845152665600,112791586,1,0,0,0,,,Looks like Leo and Martin have done it again http://t.co/7KYjCpkhnx #WolfOfWallStreet
132,132,395535347616325632,884704586,1,0,0,1,,,Second #WolfOfWallStreet trailer looks fantastic - tells everyone predicting Oscars to stop what they're doing.  http://t.co/rcfJrllNH2
133,133,395534639378354176,472471299,0,0,0,0,,,"The new Wolf of Wall Street #Trailer looks good! Shades of #BoilerRoom about it.#Film #WolfOfWallStreet 
http://t.co/VnzfgrEr1h"
134,134,395534407177494528,51541812,1,0,0,0,,,Really Kind of hope Scorsese gets to keep #WolfOfWallStreet near 3hours..  new great trailer out today http://t.co/MrY46fHuJX via @THR
135,135,395533322920529921,18736585,0,0,0,0,,,"I'm so excited to see #WolfOfWallStreet!
http://t.co/mnVBKMNcAj"
136,136,395532158187876352,19775788,1,0,0,0,,,"""I would've loved Gangs of New York if it weren't such a blatant ripoff of Warriors,"" @bysamro #wolfofwallstreet #talksatBI"
137,137,395529219918163968,287445257,0,0,0,0,,,SOOOO GOOD http://t.co/CFOYDizZKJ #WolfOfWallStreet
138,138,395528732141563904,38696633,0,0,0,0,,,Ah hell yeah. #WolfOfWallStreet http://t.co/x0KiDw1hNn
139,139,395528199549251584,69565769,0,0,0,8,3.9541602084573184e+17,retweeted,"RT @AFIFEST: RT @TheFilmStage: New Trailer for Martin Scorsese‚Äôs 165-Minute, Christmas-Bound ‚ÄòThe #WolfOfWallStreet‚Äô http://t.co/Y3lb4W0hlp"
140,140,395527755938279425,221633642,0,0,0,0,3.955264172800205e+17,replied_to,We can't wait for it to come out @BritishGQ! #WolfOfWallStreet
141,141,395527107398615040,15936527,0,0,0,8,3.9541602084573184e+17,retweeted,"RT @AFIFEST: RT @TheFilmStage: New Trailer for Martin Scorsese‚Äôs 165-Minute, Christmas-Bound ‚ÄòThe #WolfOfWallStreet‚Äô http://t.co/Y3lb4W0hlp"
142,142,395521512221851648,170602835,0,0,0,0,,,#WolfOfWallStreet Trailer 2 is here!!! http://t.co/v3rzRp72yz #margotrobbie
143,143,395520537465982976,256315222,0,0,0,1,3.955204640107684e+17,retweeted,RT @entertainmentIE: See Leo DiCaprio and Jonah Hill do their thing in the second #WolfOfWallStreet trailer here: http://t.co/nDITHl0L68
144,144,395520464010768384,29459494,0,0,0,1,,,See Leo DiCaprio and Jonah Hill do their thing in the second #WolfOfWallStreet trailer here: http://t.co/nDITHl0L68
145,145,395520086200418304,263707267,0,0,0,0,,,GUYS. The new trailer for #WolfOfWallStreet is rad to the max. http://t.co/NisDg52Lyv
146,146,395515150066655232,101564790,3,0,3,6,,,Big film! Excited to see this #WolfOfWallStreet http://t.co/Ac9TZNggqU
147,147,395513034590126080,1379184565,0,0,0,0,,,Opinion: The real 'Wolf of Wall Street' http://t.co/cw4rmvKMxC Is Jordan Belfort the most cunning man alive? #wolfofwallstreet
148,148,395505496829865985,21859144,0,0,1,0,,,Is it wrong to want to go to the cinema on Christmas Day #WolfOfWallStreet
149,149,395504567648915457,47978954,0,0,0,0,,,This looks amazing: http://t.co/UcF7ycFXm7 #WolfOfWallStreet
150,150,395502832763170816,445978097,0,0,0,0,,,The Wolf of Wall Street looks perfect. Perfect. #WolfOfWallStreet #Scorseseistheman
151,151,395500092263628800,204758373,0,0,0,0,,,This film looks insane! http://t.co/O0L4JsoY3u. Surely Oscars nominations on the horizon for @LeoDiCaprio and @JonahHill #WolfOfWallStreet
152,152,395496515168243712,29459494,0,0,0,0,,,Trailer 2 for #WolfOfWallStreet has just dropped. Watch it here: http://t.co/nDITHl0L68
153,153,395493383008821249,20664169,0,0,0,0,,,I can't wait for this... http://t.co/YgVGW8mRro. I'm reading the book and it's epic! #WolfOfWallStreet
154,154,395492725367140353,19662695,0,0,0,0,,,SO EXCITED ABOUT THIS: http://t.co/wAkglP36T0 @LeoDiCaprio @JonahHill #WolfOfWallStreet
155,155,395491059184062464,33987166,0,0,0,0,,,I think I just puked in my mouth with excitement! New #WolfOfWallStreet trailer http://t.co/fOw8u5CDWW COME ON OSCARS #TeamLeo
156,156,395478285062524928,15416830,0,0,0,0,,,"I'm so hooked by the scorsese's new trailer for Wolf of Wall Streets. Can't wait to watch
http://t.co/PQ2cwmQXsQ #scorsese #wolfofwallstreet"
157,157,395474536206204928,163565081,0,0,1,0,,,http://t.co/jOm3IU2gqh Leo DiCaprio at his best. This film will be more than awesome #wolfofwallstreet #trailer
158,158,395474238943281152,17762592,0,0,0,0,,,Newest trailer Wolf of Wall Street. It's just awesome. #scorcese #dicaprio #wolfofwallstreet http://t.co/PLpYw2IqjO
159,159,395474164645363712,134544011,0,0,0,0,,,Cannot wait for this movie: #WolfOfWallStreet  http://t.co/WjQ2zKqP4x
160,160,395470252214976512,50984936,0,0,0,0,,,The new trailer for #wolfofwallstreet looks terrific. Cannot wait for this one! Martin Scorsese and Leo Dicaprio will never let you down.
161,161,395467705710419968,220660630,0,0,0,0,3.95459474825044e+17,quoted,"If this is anywhere near as good as the book, it will be sensational. #wolfofwallstreet https://t.co/bsAZlQQHgh"
162,162,395457826946301952,187468027,0,0,1,0,3.953769247273247e+17,replied_to,‚Äú@wolfofwallst: New exclusive trailer to The Wolf of Wall Street! http://t.co/yvRAYLHJSx  #WolfOfWallStreet ‚Äù @Jon_Woodall watch both
163,163,395457620368433152,500072889,0,0,0,0,,,@LeoDiCaprio the best actor of my generation. It's great to watch actors become immortal through their works on/off screen #WolfOfWallStreet
164,164,395452384526483456,1411141626,0,0,0,0,,,Leo DiCaprio &amp; Martin Scorsese do it again. Super keen! #WolfOfWallStreet [Trailer] http://t.co/qTDTKBEBys
165,165,395448667538468865,172866434,0,0,0,0,,,This looks awesome #WolfofWallStreet http://t.co/mUt8VJ3sAH
166,166,395434154436743168,1629393306,0,0,0,1,3.95393022885503e+17,retweeted,RT @Batmanofsteel: I want‚Ä¶ no I NEED to see #WolfofWallStreet right now.
167,167,395433275399098369,200802637,0,0,0,9,3.953769247273247e+17,retweeted,RT @wolfofwallst: New exclusive trailer to The Wolf of Wall Street! http://t.co/TVbILyDR7d  #WolfOfWallStreet #trailer
168,168,395426624285319168,120896731,0,0,0,0,,,Jonah Hill is going to be a two-time Oscar nominee before he's 30. #wolfofwallstreet
169,169,395425968904359936,57584157,0,0,0,0,,,So hyped on this movie http://t.co/ANDFoeFDFi #WolfofWallStreet
170,170,395425920506671104,22845793,0,0,0,0,,,Cannot wait. // This Latest 'The #WolfOfWallStreet' Trailer Is Legendary http://t.co/P9Z8Bv9Wet
171,171,395420006257012736,970291195,0,0,0,9,3.953769247273247e+17,retweeted,RT @wolfofwallst: New exclusive trailer to The Wolf of Wall Street! http://t.co/TVbILyDR7d  #WolfOfWallStreet #trailer
172,172,395416020845731840,24290310,4,0,0,8,,,"RT @TheFilmStage: New Trailer for Martin Scorsese‚Äôs 165-Minute, Christmas-Bound ‚ÄòThe #WolfOfWallStreet‚Äô http://t.co/Y3lb4W0hlp"
173,173,395415242512932864,220478753,0,0,0,0,,,@potatosacs7 http://t.co/XzJV9UYkCe Can't wait dude. #WolfOfWallStreet
174,174,395411537357074432,279235155,0,0,0,0,3.953852238456586e+17,replied_to,@SarahRgoode OMFG! Hells yeah! So excited for #WolfOfWallStreet ... woot woot! #leoforever
175,175,395409476196376576,23719645,0,0,0,0,,,STOP WHATEVER YOU'RE DOING http://t.co/HRFs2IwLX6 #WolfOfWallStreet
176,176,395396510692556801,27432520,0,0,0,0,3.9539435529466675e+17,replied_to,@trevorjames Hopefully my life when I graduate in December with my finance degree. #YeahRight #WolfofWallStreet
177,177,395393802078519296,339943427,0,0,0,3,3.953551873693614e+17,retweeted,RT @MovieWeb: Second The Wolf of Wall Street Trailer http://t.co/my5UTnArHx #TheWolfOfWallStreet #WolfOfWallStreet #LeonardoDiCaprio
178,178,395393022885502976,29856373,0,0,0,1,,,I want‚Ä¶ no I NEED to see #WolfofWallStreet right now.
179,179,395389646416257024,887836550,0,0,0,0,,,cant wait to finally see this on the big screen! http://t.co/iKSFzsLYwQ #wolfofwallstreet #scorsesedicaprioduo
180,180,395388465908838401,156195167,0,0,1,0,3.953769247273247e+17,replied_to,‚Äú@wolfofwallst: New exclusive trailer to The Wolf of Wall Street! http://t.co/4BzzXtprEH  #WolfOfWallStreet #trailer‚Äù@GreatHambino92
181,181,395387851988148225,187790699,0,0,0,0,,,Trailer Watch: The Wolf of Wall Street (Second Trailer) http://t.co/6ZHw6ftUzl #wolfofwallstreet #leonardodicaprio #scorsese
182,182,395387673478582272,1054283395,0,0,0,0,3.9538670435528294e+17,replied_to,Love love love the entire cast! #wolfofwallstreet @screenrant
183,183,395386041361645568,1544448338,0,0,0,0,,,Checkout trailer 2 for The Wolf of Wall Street!  https://t.co/pCBZ3JACZX #Scorsese #WolfOfWallStreet #immediate
184,184,395385364933644288,451316207,0,0,0,9,3.953769247273247e+17,retweeted,RT @wolfofwallst: New exclusive trailer to The Wolf of Wall Street! http://t.co/TVbILyDR7d  #WolfOfWallStreet #trailer
185,185,395384796982951938,30276642,0,0,0,0,,,New trailer for #WolfOfWallStreet http://t.co/MgDB6fpL2v
186,186,395384618440224768,227012629,0,0,0,9,3.953769247273247e+17,retweeted,RT @wolfofwallst: New exclusive trailer to The Wolf of Wall Street! http://t.co/TVbILyDR7d  #WolfOfWallStreet #trailer
187,187,395383859212079105,263037146,0,0,0,0,,,"@itsGraf Yo, I love the RT on that #WolfOfWallStreet trailer. Leo is the man and that movie will be incredible #MustSee"
188,188,395381392101482496,938510640,1,0,0,0,,,"I think I will invest in the stock market, and start making my millions early. #WolfOfWallStreet"
189,189,395381269183209473,242554750,0,0,0,9,3.953769247273247e+17,retweeted,RT @wolfofwallst: New exclusive trailer to The Wolf of Wall Street! http://t.co/TVbILyDR7d  #WolfOfWallStreet #trailer
190,190,395379887818555392,446837195,0,0,0,9,3.953769247273247e+17,retweeted,RT @wolfofwallst: New exclusive trailer to The Wolf of Wall Street! http://t.co/TVbILyDR7d  #WolfOfWallStreet #trailer
191,191,395376924727324672,17454086,4,0,5,9,,,New exclusive trailer to The Wolf of Wall Street! http://t.co/TVbILyDR7d  #WolfOfWallStreet #trailer
192,192,395375516397469697,350630103,0,0,0,0,,,"New 'Wolf of Wall Street' trailer:-- Video
#IMDb can't wait for #wolfofwallstreet!! http://t.co/voJLdgRiTa"
193,193,395374172358344704,37343122,0,0,0,0,,,Just found out a friend of mine is in a Leo movie. #ohsnapiknowppl #wolfofwallstreet #shanefromwalkingdead
194,194,395372549359411200,25005241,1,0,1,0,3.9536849623609754e+17,replied_to,@elipeterson aaaaaand #XMen #WolfofWallStreet #Thor2 #Anchorman2 and #Noah
195,195,395368779984560128,351190010,0,0,0,0,3.953360115189965e+17,replied_to,@LeoDiCaprio I think its time for you to win a goddamn oscar! #wolfofwallstreet
196,196,395368154597445632,42277475,0,0,0,1,3.9536584158519296e+17,retweeted,"RT @buffa82: Best movie trailer of the year. So far. 
https://t.co/gy3BGl35G3
 #wolfofwallstreet"
197,197,395368003753103360,85708390,0,0,0,0,,,Few movies this year have looked THIS good: http://t.co/k9wPrIn43B #wolfofwallstreet #scorcese #dicaprio
198,198,395365841585192960,240828543,0,0,0,1,3.953501059914424e+17,quoted,"Best movie trailer of the year. So far. 
https://t.co/gy3BGl35G3
 #wolfofwallstreet"
199,199,395365166851710977,21132805,0,0,0,0,,,"seriously I'm still shocked how impactful Marty's visuals have been over his career.. never let's up, too much beauty! #WolfOfWallStreet"
200,200,395361557980258306,367193287,0,0,0,0,,,Oh. My. God. #wolfofwallstreet http://t.co/GZNkkiIUhC
201,201,395360403099627522,57754822,0,0,0,0,,,"Opening for Christmas : #SavingMrBanks &amp; #WolfofWallStreet. If I make it a double feature, in one afternoon I can completely re-live my 20s."
202,202,395358284762591232,2152013896,0,0,0,0,3.9534446255919104e+17,replied_to,@TIME #wolfofwallstreet looks like I'm be a good movie. Looking forward to it.
203,203,395357887306141696,51090904,1,0,0,0,,,.@katarinacas Wonderful new #WolfofWallStreet Trailer featuring you looking made of money! üíµüíµ Can't wait! üòÑ‚ù§Ô∏èx #TWOWS http://t.co/f2b0XNJ8xV
204,204,395357057651458050,16188772,0,0,0,0,,,New #WolfOfWallStreet trailer looks great. http://t.co/IPtF4ZrOBa
205,205,395356516561059840,17929479,0,0,0,0,,,It's Almost Time!! Check Me Out in the Wolf of Wall Street Clip on ET Tonite #wolfofwallstreet #leonardodicaprio... http://t.co/kHhXczVODc
206,206,395356057884979200,51874349,0,0,0,3,3.953551873693614e+17,retweeted,RT @MovieWeb: Second The Wolf of Wall Street Trailer http://t.co/my5UTnArHx #TheWolfOfWallStreet #WolfOfWallStreet #LeonardoDiCaprio
207,207,395355275059675137,208927125,0,0,0,0,,,Second The Wolf of Wall Street Trailer http://t.co/EAVHTHrbcp #TheWolfOfWallStreet #WolfOfWallStreet #LeonardoDiCaprio
208,208,395355187369361408,16829374,0,0,0,3,,,Second The Wolf of Wall Street Trailer http://t.co/my5UTnArHx #TheWolfOfWallStreet #WolfOfWallStreet #LeonardoDiCaprio
209,209,395354209463201792,1710379592,0,0,0,0,,,New trailer for #WolfofWallStreet premiering #Christmas day! Staring @JonahHill &amp; @LeoDiCaprio http://t.co/WeE1UBcAG8 http://t.co/EdB5WFH8OZ
210,210,395352414393741312,2152013896,0,0,0,0,3.9535172542898176e+17,replied_to,@psweigart18 @Variety Defiantly looks like it'll be a great movie #wolfofwallstreet
211,211,395352300312883200,33853892,1,0,2,0,,,Can't remember the last time I really looked forward to one of Scorsese's movies. But I'm looking forward to this. #WolfOfWallStreet
212,212,395351732684730368,598907025,0,0,0,0,,,Just watched the trailer for #wolfofwallstreet again. Looks like @LeoDiCaprio is going to have another movie that will almost win an oscar
213,213,395351275937619968,300548556,0,0,0,0,,,The WOLF OF WALL STREET trailer is everything I hoped it would be. Will @LeoDiCaprio finally get his Oscar? #WolfOfWallStreet
214,214,395350582027751424,41299568,0,0,0,0,,,#WolfofWallStreet trailer kicks ass!
215,215,395350505389441024,20840430,0,0,0,1,3.953390632148705e+17,retweeted,RT @mon3yMARC: The new #WolfofWallStreet trailer is good! @JonahHill steals the show in that trailer
216,216,395348206701543425,44515901,0,0,0,0,,,YESSS!!! Even more excited to see my man Leo in #WolfofWallStreet !! https://t.co/TuER2E4k6l
217,217,395344426752438272,152084702,1,0,0,0,,,DiCaprio is De Niro and Hill is Pesci in our generation's CASINO. This is my wish. #WolfofWallStreet
218,218,395342343500345345,27589146,0,0,0,0,,,Goodfellas on Wall Street #WolfofWallStreet http://t.co/yZZ11zZj2S
219,219,395342172318597120,80333792,0,0,0,1,,,Marty &amp; Leo. Merry early fucking Christmas. http://t.co/WjxxcSZCU9 #WolfOfWallStreet
220,220,395341206613286912,19348713,0,0,0,0,,,The thought of a scene between @LeoDiCaprio &amp; Kyle Chandler makes me happier than almost anything: http://t.co/zphATNRCYE #WolfofWallStreet
221,221,395339345487728640,276322218,0,0,0,0,,,The ultimate Christmas gift. Can't wait for the Wolf! #DiCaprio #Scorsese #WolfOfWallStreet http://t.co/dxItf2Rwle‚Äù
222,222,395339063214870528,127154538,0,0,0,1,,,The new #WolfofWallStreet trailer is good! @JonahHill steals the show in that trailer
223,223,395338998660341760,64446964,0,0,0,0,,,@JonahHill I cannot wait for #WolfOfWallStreet to come out!
224,224,395338272622133249,362633279,1,0,0,0,,,After watching the newest #WolfOfWallStreet trailer I can't wait for Christmas Day even more!!! #countingthedays
225,225,395334096278540289,47900691,0,0,0,0,3.9533295663120384e+17,replied_to,"@TheWolfofWallSt but, WHEN DOES IT RELEASE?? #WolfOfWallStreet"
226,226,395334095867510784,238536653,0,0,0,0,,,"WATCH: My fraternity bro @JoeyMcFarland has a new trailer for his film #WolfOfWallStreet! In theaters December 25. 

http://t.co/ilfFCyJKbx"
227,227,395327118722482176,263303046,0,0,0,0,,,@ETCanada Can't wait to see @LeoDiCaprio new movie. #wolfofwallstreet!  Cannot believe Leo has never won an Academy Award. Great actor
228,228,395320191417987072,73893470,0,0,0,0,,,I have to wait until #Christmas to see the next Leonardo DiCaprio flick! Nooooo! http://t.co/b1i37rFvyL #wolfofwallstreet
229,229,395271684741009408,24429503,0,0,0,1,3.9527129878154445e+17,retweeted,RT @hollywoodsnitch: MOVIE NEWS: @ParamountPics moves release of #Scorsese's #WolfOfWallStreet from Nov. 15 to Dec. 25.
230,230,395271298781544448,145692463,0,0,0,1,,,MOVIE NEWS: @ParamountPics moves release of #Scorsese's #WolfOfWallStreet from Nov. 15 to Dec. 25.
231,231,395270008286093312,430148818,0,0,0,0,,,"Martin Scorsese's 'Wolf of Wall Street' Dated for Christmas Day opening.  It has been officially moved from Nov. 15th.

#wolfofwallstreet"
232,232,395269682183565312,38313401,0,0,0,1,3.9526959751274496e+17,retweeted,RT @EliZink: #WolfofWallStreet out on Xmas day! Good choice for release. Will it finally be Leo's academy award winner? #overdue
233,233,395269597512744960,280221442,0,0,1,1,,,#WolfofWallStreet out on Xmas day! Good choice for release. Will it finally be Leo's academy award winner? #overdue
234,234,395258653155934208,34708778,0,0,0,0,3.952584473036841e+17,replied_to,"@jenelleriley Totally don't mind a long film, as long as it's great! #wolfofwallstreet"
235,235,395254685424033792,256433721,2,0,2,0,,,I'm beyond excited that #WolfOfWallStreet is getting a Xmas release and Paramount is so supportive of the product. #OscarContendah
236,236,395254310948175872,256433721,0,0,0,0,,,"I know I shouldn't have so much invested in #WolfOfWallStreet (no pun intended), but I can't help it. Scorsese is my movie spirit animal."
237,237,395231316406321152,458739243,0,0,0,0,,,Martin Scorsese‚Äòs THE WOLF OF WALL STREET Trimmed Down and Set for a December 25 Release #WolfOfWallStreet- http://t.co/iPzyqUHNRN
238,238,395200764089356290,1491143576,0,0,0,0,,,"Going to be a crowded Holiday Season at the box office... #MartinScorsese, #LeonardoDiCaprio #WolfofWallStreet http://t.co/g6mRf7J4no"
239,239,395194503566336001,579130509,0,0,0,0,,,"Just finished Jordan Belfort's book the #wolfofwallstreet. Great story, enough drugs to sink John Belushi http://t.co/RJSqii6Gik"
240,240,395183435649544192,427025250,2,0,0,1,,,CONFIRMED: Scorsese will have #WolfOfWallStreet w/ @LeoDiCaprio ready for Xmas Release Date. This one shakes up the awards race big time.
241,241,395057645532356608,416806929,0,0,0,0,,,@ParamountPics #WolfOfWallStreet #LeoDiCaprio #Scorsese #Christmas release #Oscar race! @LeoDiCaprio http://t.co/rV2VxC4UNE
242,242,395053645802512384,1589251639,0,0,0,0,,,#WolfofWallStreet is 165 minutes long? Perfect. Like #DjangoUnchained. I smell oscars! #Awardseason
243,243,395009766268739584,237069106,0,0,1,0,,,#Christmas plans set. RT @THR: It's Official: Martin Scorsese's ‚Äò#WolfofWallStreet' Gets Holiday Release http://t.co/tS6k4jcEzc
244,244,394893538518765568,1124363503,0,0,1,0,,,"""@eileen_sav: November 15 needs to hurry up.. #wolfofwallstreet"" you mean my birthday so you can give me tons of presents? :D"
245,245,394890807712677888,435237063,1,0,0,0,,,November 15 needs to hurry up.. #wolfofwallstreet
246,246,394741820028383232,20781153,0,0,0,0,3.947387732482048e+17,replied_to,@markboorman #movieswithpedler ah excellent Mark! A very good movie - hope there is a sequel :) jk - am looking fwd to #wolfofwallstreet
247,247,394517023771725824,1544671820,0,0,0,0,,,"This is Leo and Martin Scorsese's 5th time working together, two talented men can't wait #wolfofwallstreet"
248,248,394142070421848064,20781153,0,0,1,0,,,Been watching some interesting tutorials by Jordan Belfort #wolfofwallstreet - #straightline #sales $40million by age of 40?!
249,249,394139054817570816,196779296,0,0,0,0,,,#BestManHoliday @UniversalPics is tracking at $12.3M and rising after #WolfofWallStreet moves off the release date on 11/15
250,250,393811177202933760,224711089,0,0,0,0,,,"So excited to see this movie #WolfofWallStreet
http://t.co/9ROho5Elpy"
251,251,393804163664322562,18748145,1,0,0,0,,,Last unknown #Oscars films are #AmericanHustle &amp; #WolfofWallStreet. http://t.co/UBKb4X75Am @HitFixGregory @HitFix @AmericanHustle
252,252,393597400293863424,28268619,0,0,0,1,2.6951548493903872e+17,retweeted,RT @JuliaLebow: Gain your weight back RT: @JonahHill Every day on this movie is crazier and better than the last. #WolfOfWallStreet
253,253,393480127859785728,539512446,0,0,0,0,,,Paramount Moves #JackRyanShadowRecruit To January; Is #WolfOfWallStreet Headed For December 25 Spot? http://t.co/hq6Ne0CEE6
254,254,393471271284920322,1589251639,0,0,0,0,,,JACK RYAN: SHADOW RECRUIT will now hit theaters on 1/17/14. So #WolfofWallStreet will arrive this year. Great news.
255,255,393408113232994305,309099691,0,0,0,0,,,Star of #WolfOfWallStreet @LeoDiCaprio dines 3 times in 1 week at same New York restaurant.  http://t.co/qwJRrwXBG8
256,256,393404500066582528,1068204379,0,0,0,0,,,"This &gt; http://t.co/cu5MUccPxy 
#enoughsaid #WolfOfWallStreet #twoRoadsrogue #gangsta http://t.co/XxhfbPYNk0"
257,257,393388821561499648,17296181,0,0,0,0,,,My new list of must see asap: #Gravity #12YearsASlave #WolfofWallStreet and i know i'm forgetting one #holeinmybrain
258,258,393381957079293953,1068204379,1,0,0,0,,,See? We have good reasons to go #rogue on the @TwoRoadsBooks Facebook page today! #WolfOfWallStreet #praise http://t.co/s4ox63Zvno
259,259,393367785088507904,117140088,0,0,1,0,,,Is Leonardo DiCaprio really in Dublin? He could be promoting the new Scorsese film #WolfofWallStreet?
260,260,393207343321595904,54826289,0,0,0,0,,,"Roadshow moves David O Russell's  #AmericanHustle fwd to 12 Dec in Oz, and Scorsese's #WolfofWallStreet back to Jan 23 release"
261,261,393113138016440320,1247949642,0,0,0,0,,,Leonardo DiCaprio‚Äôs #WolfOfWallStreet Set to Open Christmas Day http://t.co/RfZEJ3PT9m
262,262,393110196756967424,441105673,0,0,0,0,,,Swedish released date for #wolfofwallstreet Jan 3rd. Rested of the world Nov 15th. WTF?! #mustbeajoke
263,263,393050116916920320,1036721035,0,0,0,0,,,#ANSWER #CaptainPhillips #fav song #QueenieEye! http://t.co/arMXMu1JFz #FT #24HoursOfReality #CostOfCarbon #JimmyKimmel #WolfOfWallStreet
264,264,393021520353562626,309099691,0,0,0,0,3.93018432607617e+17,replied_to,@indiewire Looking forward to Christmas release of #Scorcese's #WolfOfWallStreet - filmed in NY &amp; part of #NYSFilmProductionCreditProgram.
265,265,392902888281755648,34708778,0,0,0,1,,,"Best Christmas present ever:
http://t.co/r2gWiwZT9l
#WolfOfWallStreet @ZoneAydin"
266,266,392880959701262336,547067519,0,0,0,0,,,Jodan Belfort is a business and ethics enigma. It isn't always black and white. #WolfofWallStreet
267,267,392847728507887616,72658360,0,0,0,0,,,#WolfOfWallStreet Moved To Christmas Opening &amp; #MonumentsMen Bumped To 2014! Aww Common!!!!
268,268,392843380222218240,67026176,0,0,0,0,,,"@jordanpeters23 #WolfofWallStreet gets bumped to Christmas Day, will remain a contender for Oscars http://t.co/GGRRqzN0as"
269,269,392823441210220544,103096075,0,0,0,0,,,It's good to see that studios are taking time with films like #MonumentMen &amp; #WolfofWallStreet not rushing them into planned release dates
270,270,392822279270182913,103096075,0,0,0,0,,,#WolfofWallStreet US release is now set for Christmas Day so #JackRyanshadowrecruit will likely be pushed into 2014 as #MonumentMen has been
271,271,392796057861881856,79469366,0,0,1,0,,,Two movies I'm really looking forward to seeing #BadGrandpa and #wolfofwallstreet
272,272,392772733974478849,56951297,0,0,0,0,,,"Yes, finally a movie to look forward to this Christmas! #WolfOfWallStreet"
273,273,392758762874093568,235611884,0,0,0,0,,,"#WolfofWallStreet, the new movie from Leo and Scorsese should be premiering on Christmas Day!   http://t.co/fK3i0NX3bz #ViewonFilm"
274,274,392716186393137152,1589251639,0,0,0,0,,,"I‚Äôm glad #WolfofWallStreet will be released this year, the race started to become boring. 1/2"
275,275,392711981813088257,1589251639,0,0,0,0,,,"I'm really high on #WolfofWallStreet, just because Marty is my favorite director and Leo is my favorite actor."
276,276,392711763843510272,1589251639,0,0,0,0,,,#WolfOfWallStreet will arrive on Christmas Day. http://t.co/aTjZWSu7Kl
277,277,392707563239661568,91911935,0,0,1,0,,,Looks like I'll be seeing another movie this year in Christmas Day #wolfofwallstreet
278,278,392701146533335040,946495423,0,0,0,0,,,We won't see #Scorsese and #Leo with #WolfofWallStreet until Christmas now. At least it's still in 2013! http://t.co/SVK45hl9F8
279,279,392695713030610944,289732664,0,0,0,0,,,Go Marty Go! Race to the finish and cut that film right to the Oscars! #WolfofWallStreet @LeoDiCaprio #ChristmasRelease
280,280,392689377920708608,245167873,0,0,0,0,,,Do This Dude: The Wall Streeter. http://t.co/xjMjLAQ1kr #momoneymoproblems #wolfofwallstreet
281,281,392683161148473345,235611884,0,0,0,0,,,"#WolfofWallStreet, the new movie from Leo and Scorsese should be premiering on Christmas Day!   http://t.co/NepBRCPNnE #ViewonFilm"
282,282,392548851275800576,74683932,0,0,0,4,3.925295260910469e+17,retweeted,RT @ShiladityaBora: Upcoming PVR Lineup #Butler #EndersGame #FreeBird #WolfOfWallStreet #Parkland #OldBoy #FoxCathcher #AmericanHustle #All‚Ä¶
283,283,392537579246997504,36323454,0,0,0,4,3.925295260910469e+17,retweeted,RT @ShiladityaBora: Upcoming PVR Lineup #Butler #EndersGame #FreeBird #WolfOfWallStreet #Parkland #OldBoy #FoxCathcher #AmericanHustle #All‚Ä¶
284,284,392530207149551616,59537533,0,0,0,4,3.925295260910469e+17,retweeted,RT @ShiladityaBora: Upcoming PVR Lineup #Butler #EndersGame #FreeBird #WolfOfWallStreet #Parkland #OldBoy #FoxCathcher #AmericanHustle #All‚Ä¶
285,285,392529644278521856,99766613,0,0,0,4,3.925295260910469e+17,retweeted,RT @ShiladityaBora: Upcoming PVR Lineup #Butler #EndersGame #FreeBird #WolfOfWallStreet #Parkland #OldBoy #FoxCathcher #AmericanHustle #All‚Ä¶
286,286,392529526091046912,36141619,0,0,4,4,,,Upcoming PVR Lineup #Butler #EndersGame #FreeBird #WolfOfWallStreet #Parkland #OldBoy #FoxCathcher #AmericanHustle #AllIsLost #Mandela
287,287,392520332453900288,174517911,0,0,0,0,,,Haven't watched any @LeoDiCaprio in over a month... having withdrawl. Can't wait for #wolfofwallstreet! #dicapriohoe
288,288,392472478645121024,127851100,0,0,0,0,,,Makes sense that #WolfofWallStreet would release Christmas Day; makes more sense that the ridiculous Jack Ryan thing would move to '14.
289,289,392430757303418880,129574812,0,0,0,0,,,"Red Granite Pictures isn't even promoting #WolfofWallStreet anymore. They've turned their focus to OUT OF THE FURNACE, out 12/6..."
290,290,392429908703453184,129574812,0,0,0,0,,,"The film's official site only says ""Coming Soon"" and no longer November 15... #WolfOfWallStreet"
291,291,392399292553764865,2476311,0,0,0,0,,,I had a really weird #wolfofwallstreet related dream last night
292,292,392272889854300160,78106231,0,0,0,0,,,Keep.yourself.hungry : leverage yourself! #wolfofwallstreet
293,293,392073166584963072,69485045,2,0,0,0,,,My man #wolfofwallstreet http://t.co/cn6s8qU81J
294,294,391802033562730496,416806285,1,0,0,0,,,"Black Skinhead by Kanye West is such a jam! I feel gay saying that, but I can't stop listening to it. #WolfOfWallStreet"
295,295,391650169764466688,1915480945,0,0,1,0,,,"So......#WolfofWallStreet  is out the day after my birthday in the us, but here? No try January 17th Britain! For goodness sake!"
296,296,391540380195651584,65428624,0,0,0,0,,,Weekend begins... #BreakingBad #Fifa14 #WolfOfWallStreet
297,297,391329710007132160,327125628,2,0,0,0,,,ANY movie that Leo DiCaprio touches is gold. So excited for #wolfofwallstreet
298,298,391323505234812928,328521824,0,0,0,1,3.909352543596298e+17,retweeted,RT @goldderby: Will #WolfofWallStreet be ready in time for awards #MartinScorsese? http://t.co/8W6GKSB6Ws @TheWolfofWallSt @LeoDiCaprio @ti‚Ä¶
299,299,391294557943373825,1589251639,0,0,1,0,,,"I have to disappoint you guys, the second trailer for #WolfofWallStreet won't reveal the actual release date."
300,300,391294216686424065,27257661,0,0,0,1,3.912940491785134e+17,retweeted,"RT @MrFilmkritik: Expect Trailer 2 for #WolfofWallStreet TODAY, that's what I'm hearing."
301,301,391294049178513408,1589251639,0,0,0,1,,,"Expect Trailer 2 for #WolfofWallStreet TODAY, that's what I'm hearing."
302,302,391288294639951872,614400797,0,0,0,0,,,When is the film coming to #Miami?MT @Gourmandj: The #wolfofwallstreet celebration commences http://t.co/QyKjLfcqKY
303,303,391285894160080896,1635139255,0,0,0,0,,,"No b small tin""@HollyHoodRingo: Access Denied  #WolfOfWallStreet http://t.co/94uzwoX53d"""
304,304,391225035572383744,483475048,0,0,0,0,,,Can't wait for #WolfOfWallStreet
305,305,391198092256489472,900943075,0,0,0,0,,,Found out #WolfOfWallStreet's release date has been pushed way back from Nov. 15th.  Just devasted. :( @LeoDiCaprio @jonnybernthal
306,306,391063672602124288,236980229,0,0,0,0,,,"Guarantee #WolfofWallStreet will be finished by end of this marathon travel day+ ..my job is awesome,but these travel situations sometimes.."
307,307,390966766446604288,42277475,0,0,0,1,3.9095670972153856e+17,retweeted,RT @buffa82: The new trailer for #WolfOfWallStreet is beyond great. Full of good music and a crisp vibe. Delayed or not it will be great.
308,308,390956805368840192,255572585,1,0,1,0,,,If Matthew Mcconaughey doesn't win an Oscar this year the academy can fuck themselves  #mud #dallasbuyersclub #wolfofwallstreet
309,309,390956709721538560,240828543,0,0,0,1,,,The new trailer for #WolfOfWallStreet is beyond great. Full of good music and a crisp vibe. Delayed or not it will be great.
310,310,390935254359629825,18748145,2,0,0,1,,,Will #WolfofWallStreet be ready in time for awards #MartinScorsese? http://t.co/8W6GKSB6Ws @TheWolfofWallSt @LeoDiCaprio @timgray_variety
311,311,390666570458222593,1578486751,0,0,0,0,,,"@JordanBelfort as a young entrepreneur  myself, thank you for sharing your story. #Wolfofwallstreet is the best book I've ever read!"
312,312,390612481711669248,555451987,0,0,0,0,,,why do all the things that I like get pushed back? #watchdogs #wolfofwallstreet
313,313,390568627033751552,156711675,0,0,0,0,,,Finished the #WolfofWallStreet #Scorsese's next film premiering in Nov. Just started #CatchingTheWolfOfWallStreet - amazing  true story!
314,314,390553104472870912,1110011240,0,0,0,1,3.905525546453811e+17,retweeted,RT @HeathREinKC: Loving #WolfofWallStreet #LeonardoDiCaprio will kill this role!
315,315,390552554645381120,236980229,0,0,0,1,,,Loving #WolfofWallStreet #LeonardoDiCaprio will kill this role!
316,316,390447018050478080,49631837,0,0,0,0,,,Incredibly pumped to be introducing @JordanBelfort tonight as he speaks about his amazing life - #WolfofWallStreet
317,317,390161474871500800,236980229,1,0,0,0,,,"Just got #WolfofWallStreet for free on my #Nook thanks to an old gift card! Perfect timing before 4,000 flight miles to #Canada this week"
318,318,390138771959975936,404211246,0,0,0,0,,,""" You have my money taped to your boobs technically you do work for me"" #WolfOfWallStreet #DiCaprio"
319,319,389758010894987264,610962261,0,0,1,0,,,@maujjo @paskare this movie should be part of your course work http://t.co/ArQ070VNoV #CFA #wolfofwallstreet
320,320,389745182020612097,1068204379,1,0,0,0,,,Behind the scenes with the guys from #WolfOfWallStreet ( 'guys' = Scorsese + DiCaprio + Hill) http://t.co/92QyDp5gOI http://t.co/X2zEP59Z52
321,321,389704526150000640,19899781,0,0,0,0,,,Can't listen to this song without seeing dear Leo's face throwin them dollar billz! #wolfofwallstreet http://www.yo‚Ä¶ http://t.co/0Ul8NpFD9g
322,322,389466610596986881,147132016,0,0,0,2,3.894654402645197e+17,retweeted,RT @MrFilmkritik: The new #WolfofWallStreet trailer will arrive next week. Also keep an eye on the #GrandBudapestHotel trailer.
323,323,389465633219284993,27257661,0,0,0,2,3.894654402645197e+17,retweeted,RT @MrFilmkritik: The new #WolfofWallStreet trailer will arrive next week. Also keep an eye on the #GrandBudapestHotel trailer.
324,324,389465440264519680,1589251639,0,0,1,2,,,The new #WolfofWallStreet trailer will arrive next week. Also keep an eye on the #GrandBudapestHotel trailer.
325,325,389341805923164160,107949763,0,0,0,0,,,@MargotRobbie #WolfOfWallStreet ........ damn!!!!!!!!!!!!
326,326,389243004051267584,226012602,0,0,0,28,3.883351585221796e+17,retweeted,RT @WSJMag: .@loganhill33 talks with @LeoDiCaprio @JonahHill and #MartinScorcese about filming #WolfofWallStreet http://t.co/ryBunvN9s4
327,327,389230772244455424,95517484,0,0,0,0,3.883351585221796e+17,replied_to,‚Äú@WSJMag: .@loganhill33 talks with @LeoDiCaprio @JonahHill and #MartinScorcese about filming #WolfofWallStreet http://t.co/g906Pq1uoN‚Äù READ
328,328,389204205811937280,35261224,0,0,0,0,3.891314326913966e+17,replied_to,I can't WAIT. #WolfofWallStreet ‚Äú@JonahHill: http://t.co/tvbgMwOCSo‚Äù
329,329,389186944347172864,1866085207,0,0,0,1,3.891840768693002e+17,retweeted,RT @madds295: Leonardo DiCaprio always plays the most badass characters with serious mental issues... #GreatGatsby #WolfOfWallStreet #Incep‚Ä¶
330,330,389184076869300224,1558037436,0,0,0,1,,,Leonardo DiCaprio always plays the most badass characters with serious mental issues... #GreatGatsby #WolfOfWallStreet #Inception #manymore
331,331,389143717527175168,47939283,0,0,0,0,,,Can't wait to watch it! RT @WSJMag: @LeoDiCaprio @JonahHill and #MartinScorcese about filming #WolfofWallStreet http://t.co/iEDEs5FDI3
332,332,389141273279758336,246938850,0,0,0,0,3.891314326913966e+17,replied_to,‚Äú@JonahHill: http://t.co/LAh9LYYsjT‚Äùthe ole Bull and the calf. #wolfofwallstreet #stoked
333,333,389133874740994049,249373687,1,0,0,0,3.891314326913966e+17,replied_to,‚Äú@JonahHill: http://t.co/QaX8mrUhz7‚Äù can't wait this movie is gonna be hella good #WolfofWallStreet
334,334,389125038328135680,1356303252,0,0,0,0,,,"So excited for #WolfofWallStreet...
Martin Scorsese, Leonardo DiCaprio and Jonah Hill Discuss
http://t.co/wH5LYbdVvJ"
335,335,389021788728217600,106184259,0,0,0,28,3.883351585221796e+17,retweeted,RT @WSJMag: .@loganhill33 talks with @LeoDiCaprio @JonahHill and #MartinScorcese about filming #WolfofWallStreet http://t.co/ryBunvN9s4
336,336,388919998166892544,137197185,0,0,3,0,,,Read the book or watch the movie first?  #WolfOfWallStreet
337,337,388891921340321792,35821548,0,0,0,1,3.872709492900086e+17,retweeted,RT @ppagong: That's Rodrigo Prieto shooting Leo for Martin Scorcese. @victoriavelasco #WolfofWallstreet http://t.co/seNxeUunAT
338,338,388825919869423616,64797032,0,0,0,0,,,Andaz NYC #wolfofwallstreet
339,339,388821102597636096,22344324,0,0,0,0,,,"So, #wolfofwallstreet is hitting theaters next month. YES! - The craziness. I am ready for it."
340,340,388718622262054912,35230982,0,0,0,0,,,Me thinks #WolfofWallStreet w/ #LeonardoDicaprio will be embraced and loved by typical meathead stockbrokers like Boiler Room was in 2000
341,341,388717506828828672,35230982,0,0,0,0,,,The likely glorification of #JordanBelfort in #WolfofWallStreet movie is unfortunate. He was THE worst boiler room operator ever.
342,342,388692404737683456,45935227,0,0,0,1,3.886917815182418e+17,retweeted,RT @BrittyHayton: Counting down the days #WolfOfWallStreet  ... Must see
343,343,388691781518241794,372907306,0,0,0,1,,,Counting down the days #WolfOfWallStreet  ... Must see
344,344,388677665714364416,420880106,0,0,0,28,3.883351585221796e+17,retweeted,RT @WSJMag: .@loganhill33 talks with @LeoDiCaprio @JonahHill and #MartinScorcese about filming #WolfofWallStreet http://t.co/ryBunvN9s4
345,345,388660317573877760,381714530,0,0,0,28,3.883351585221796e+17,retweeted,RT @WSJMag: .@loganhill33 talks with @LeoDiCaprio @JonahHill and #MartinScorcese about filming #WolfofWallStreet http://t.co/ryBunvN9s4
346,346,388596696243908608,1572496760,3,0,1,1,3.885534216340275e+17,replied_to,@jonnybernthal Missin you too Jon! ‚ô• Can't wait to see you back on our screens! #MobCity &amp; more of u in #WolfOfWallStreet #GrudgeMatch #Fury
347,347,388521416158486528,403824641,0,0,0,28,3.883351585221796e+17,retweeted,RT @WSJMag: .@loganhill33 talks with @LeoDiCaprio @JonahHill and #MartinScorcese about filming #WolfofWallStreet http://t.co/ryBunvN9s4
348,348,388463756000231424,16222145,0,0,0,0,,,I could NOT be more excited for this movie!#WolfOfWallStreet http://t.co/fSOxhIzvQJ
349,349,388461114532831232,53765826,0,0,0,2,3.884040053170053e+17,retweeted,"RT @Amirosie: Today's @AMCMovieNews we chat #Transformers4, #Scorsese's #WolfofWallStreet, the lame ass #AngryBirds movie &amp; more!  http://t‚Ä¶"
350,350,388457885648158721,716650142,0,0,0,0,,,"Martin Scorsese is determined to release #WolfofWallStreet so it qualifies for the Oscars, our news roundup has more  http://t.co/36mG9qllWi"
351,351,388438297740972032,20959032,0,0,0,0,3.88432494971732e+17,replied_to,@shempinAINTeasy Can't wait to watch that scene #WolfofWallStreet
352,352,388436536900853760,159543898,0,0,0,28,3.883351585221796e+17,retweeted,RT @WSJMag: .@loganhill33 talks with @LeoDiCaprio @JonahHill and #MartinScorcese about filming #WolfofWallStreet http://t.co/ryBunvN9s4
353,353,388423451796865024,257517997,0,0,0,28,3.883351585221796e+17,retweeted,RT @WSJMag: .@loganhill33 talks with @LeoDiCaprio @JonahHill and #MartinScorcese about filming #WolfofWallStreet http://t.co/ryBunvN9s4
354,354,388420992306909184,422182545,0,0,0,0,,,"""I mean being shot in slow motion doing cocaine by Martin Scorsese is, like, maybe every actor's dream.""
 -@JonahHill #wolfofwallstreet"
355,355,388412584799391746,716650142,0,0,0,0,,,Martin Scorsese is determined to release #WolfofWallStreet so it qualifies for the Oscars! Our news roundup has more  http://t.co/36mG9qllWi
356,356,388408782599909376,41443572,0,0,0,28,3.883351585221796e+17,retweeted,RT @WSJMag: .@loganhill33 talks with @LeoDiCaprio @JonahHill and #MartinScorcese about filming #WolfofWallStreet http://t.co/ryBunvN9s4
357,357,388407186487250944,433603255,0,0,0,0,,,The wolf of wallstreet. #oneandonly #startedfromthebottom #wolfofwallstreet #phewwwup http://t.co/yRyMdk2Be6
358,358,388405449202352128,45298356,0,0,0,2,3.884040053170053e+17,retweeted,"RT @Amirosie: Today's @AMCMovieNews we chat #Transformers4, #Scorsese's #WolfofWallStreet, the lame ass #AngryBirds movie &amp; more!  http://t‚Ä¶"
359,359,388404005317005312,475449545,0,0,2,2,,,"Today's @AMCMovieNews we chat #Transformers4, #Scorsese's #WolfofWallStreet, the lame ass #AngryBirds movie &amp; more!  http://t.co/V39f5s2UZl"
360,360,388402671146631168,362633279,0,0,0,0,3.8839046908584755e+17,replied_to,‚Äú@JonahHill: http://t.co/0TUw8k8mof‚Äù  @Ace_Fuller I would SO be their date to the #WolfOfWallstreet premiere if they don't take each otherüòí
361,361,388400799027429376,285754179,0,0,0,28,3.883351585221796e+17,retweeted,RT @WSJMag: .@loganhill33 talks with @LeoDiCaprio @JonahHill and #MartinScorcese about filming #WolfofWallStreet http://t.co/ryBunvN9s4
362,362,388400653162541056,296277820,0,0,0,0,,,RT @WSJMag: .@loganhill33 talks with @LeoDiCaprio @JonahHill and #MartinScorcese about filming #WolfofWallStreet http://t.co/aR4ElvDgjo
363,363,388397253309648896,26358639,0,0,0,0,3.883351585221796e+17,replied_to,RT @WSJMag: .@loganhill33 talks with @LeoDiCaprio @JonahHill and #MartinScorcese about filming #WolfofWallStreet http://t.co/bZbnMmnhU1
364,364,388396074001784832,60985372,0,0,0,28,3.883351585221796e+17,retweeted,RT @WSJMag: .@loganhill33 talks with @LeoDiCaprio @JonahHill and #MartinScorcese about filming #WolfofWallStreet http://t.co/ryBunvN9s4
365,365,388396018909585408,326192275,0,0,0,0,,,The book was awesome. Looks like the movie will be too. http://t.co/ZZRQWxDbgG #wolfofwallstreet
366,366,388394268441976834,355419421,0,0,0,28,3.883351585221796e+17,retweeted,RT @WSJMag: .@loganhill33 talks with @LeoDiCaprio @JonahHill and #MartinScorcese about filming #WolfofWallStreet http://t.co/ryBunvN9s4
367,367,388393936214978560,238446527,0,0,0,28,3.883351585221796e+17,retweeted,RT @WSJMag: .@loganhill33 talks with @LeoDiCaprio @JonahHill and #MartinScorcese about filming #WolfofWallStreet http://t.co/ryBunvN9s4
368,368,388393397939363840,58929478,0,0,0,28,3.883351585221796e+17,retweeted,RT @WSJMag: .@loganhill33 talks with @LeoDiCaprio @JonahHill and #MartinScorcese about filming #WolfofWallStreet http://t.co/ryBunvN9s4
369,369,388393049350356992,30739913,0,0,0,28,3.883351585221796e+17,retweeted,RT @WSJMag: .@loganhill33 talks with @LeoDiCaprio @JonahHill and #MartinScorcese about filming #WolfofWallStreet http://t.co/ryBunvN9s4
370,370,388392776750346240,32675323,0,0,0,28,3.883351585221796e+17,retweeted,RT @WSJMag: .@loganhill33 talks with @LeoDiCaprio @JonahHill and #MartinScorcese about filming #WolfofWallStreet http://t.co/ryBunvN9s4
371,371,388356552186671104,123400733,0,0,0,28,3.883351585221796e+17,retweeted,RT @WSJMag: .@loganhill33 talks with @LeoDiCaprio @JonahHill and #MartinScorcese about filming #WolfofWallStreet http://t.co/ryBunvN9s4
372,372,388350766466883584,716650142,0,0,0,0,,,Martin Scorsese is determined to release #WolfofWallStreet so it qualifies for the Oscars. Our news roundup has more  http://t.co/36mG9qllWi
373,373,388337722781626369,85590450,2,0,0,0,,,Behind the Scenes: #BrigitteLacombe #WolfofWallStreet inside our October issue out this Saturday Oct. 14. http://t.co/6onfis7MJ9
374,374,388335158522179585,85590450,40,0,2,28,,,.@loganhill33 talks with @LeoDiCaprio @JonahHill and #MartinScorcese about filming #WolfofWallStreet http://t.co/ryBunvN9s4
375,375,388230751893716992,1068204379,0,0,0,0,,,And in case you missed this... #WolfOfWallStreet http://t.co/FtxLdsbVtp http://t.co/cCgLcjz0FV
376,376,388230426990346240,1068204379,0,0,0,0,,,Apparently trailer #2 for #WolfOfWallStreet is going to be released soon &gt; In case you missed brilliant trailer #1 http://t.co/q9ofFKCJ1i
377,377,388203059135795200,30071125,0,0,0,0,,,Wow. #MartinScorsese ' 1st cut of the #WolfOfWallStreet was 3 hours long &amp; had an NC-17 rating. That's why Paramount forced him to edit it.
378,378,388166849520623616,198298096,0,0,0,0,,,I know what I'm gonna be doing the day after christmas #AmericanHustle #WolfOfWallStreet
379,379,388046760465424385,157261135,0,0,0,0,,,#WolfOfWallStreet still on track for November release? Trying to avoid NC17 rating? http://t.co/XA9As3B3HK
380,380,388031692260134912,316826674,1,0,0,0,,,Wolf of Wall Street better make it by december! Been waiting for that movie for so long! @LeoDiCaprio @TheWolfofWallSt #wolfofwallstreet
381,381,388030815491215360,541319720,0,0,0,0,,,Crisis Averted: #MartinScorsese #WolfOfWallStreet Likely To Make 2013 Release After All | The Playlist http://t.co/kBuPhwbaWe
382,382,387995756277166080,1589251639,0,0,0,0,,,So #WolfofWallStreet will arrive in December? Best news of the MONTH.
383,383,387973886325059584,370854383,0,0,0,0,,,#WolfOfWallStreet likely to make 2013 release! http://t.co/ZsyplDelS5
384,384,387950655320494080,538509993,0,0,0,0,,,Martin Scorsese needs to make up his mind already. #killingmebro #wolfofwallstreet
385,385,387665632440770560,25211098,0,0,0,0,,,I want to see Wolf of Wall Street too. #LeonardoDicaprio #WolfOfWallStreet #Movies #November
386,386,387386935108308993,1234760280,0,0,0,0,,,I noticed very little difference in the trailers for #WolfofWallStreet and #Anchorman2
387,387,387316751110660096,338165253,0,0,1,0,3.872809843849953e+17,replied_to,‚Äú@rachelnico: It feels like I've been waiting for #WolfofWallstreet forever! Hurry up #LeoD!‚Äù Could not agree more
388,388,387283793520115713,1900542649,0,0,0,0,,,15 #Movies You Need To See Before The End Of The Year http://t.co/4BaU5GCX6a #CatchingFire #Rush #Gravity #WolfOfWallStreet #AmericanHustle
389,389,387273903648669696,37628436,0,0,0,0,3.872709492900086e+17,replied_to,‚ù§Ô∏èüé•üòçüí°üî¶ ‚Äú@ppagong: That's Rodrigo Prieto shooting Leo for Martin Scorcese. @victoriavelasco #WolfofWallstreet http://t.co/jpIsPyzKhE‚Äù
390,390,387270949290008576,38803590,0,0,2,1,,,That's Rodrigo Prieto shooting Leo for Martin Scorcese. @victoriavelasco #WolfofWallstreet http://t.co/seNxeUunAT
391,391,387250068992311296,18888975,0,0,0,0,,,Addicted to this book. Reading it at lunch #financethings #wolfofwallstreet #readingmaterial http://t.co/uryPTtzS64
392,392,386607260874866688,1938866802,0,0,0,0,,,@LeoDiCaprio excited for #runnerrunner going to see it soon and #wolfofwallstreet when does it come out? ‚ô•‚ô°
393,393,386374495331946496,36676862,0,0,0,0,,,Am I the only one still fascinated by the 2007/08 Financial Crisis? I can't stop reading books about it. Next up #WolfOfWallstreet
394,394,386321178270642176,27340011,0,0,0,0,,,Can't wait to watch #wolfofwallstreet
395,395,386314073953955840,803484374,0,0,0,0,,,#WolfofWallStreet is such a good movie
396,396,386274426108383233,1710379592,0,0,0,0,,,What fall premiere are you most excited for? #Thor #WolfofWallStreet #CatchingFire #LegoMovie
397,397,386259076239196160,82966408,1,0,1,0,3.8603203069517005e+17,replied_to,@MovieGuyBrian Unless this becomes the victim of Paramount's waffling on #WolfOfWallStreet
398,398,386192408226324480,88815688,3,0,0,0,,,"Kevin Cox, billionaire, scholar, philanthropist  #moneygang #forthekids #wolfofwallstreet http://t.co/EMn8RXh4th"
399,399,386119426141347840,46505391,0,0,0,0,,,Wouldn't we all? #JoannaLumley loved making out with #LeonardoDiCaprio in #WolfOfWallStreet: http://t.co/OHcPRtiOQK
400,400,385999222748639232,1544473543,0,0,0,0,,,Oscar at 2013's Box Office: http://t.co/HSz1IN63v9 #boxoffice #Oscar #AmericanHustle #captainphillips #Gravity #wolfofwallstreet
401,401,385830893375324160,602023841,0,0,1,0,,,"too excited for this, so glad I read the book first: http://t.co/5yMXMyO8dz #wolfofwallstreet #leodicaprio ‚ù§"
402,402,385579054365020160,260482499,0,0,0,0,,,Based on a true story: #WolfOfWallStreet http://t.co/80w2Gt7sR8
403,403,385577117640966145,281905010,0,0,0,0,,,#wolfofwallstreet can't wait #leonardodicaprio
404,404,385337982099542016,88476277,0,0,1,0,,,"What I've witnessed, is like a scene out of #WolfOfWallStreet #Power"
405,405,385172511421251584,1682239752,1,0,1,0,,,When we get more into stock trades in my business class I'm gonna start investing #WolfOfWallStreet
